Timestamp,CPU_Usage,Memory_Usage,Disk_IO_Rate,Network_Latency,Anomaly
2024-01-01 00:00:00,54.96714153011233,64.6170265333809,116.57203171668532,6.6656261291889045,0.0
2024-01-01 01:00:00,48.61735698828815,34.347474110150614,129.33684643713312,10.739514335296015,0.0
2024-01-01 02:00:00,56.47688538100692,39.77721866841431,104.52553896759267,11.494665245490356,0.0
2024-01-01 03:00:00,65.23029856408026,71.14896141034072,67.57920130110384,13.4204471155638,0.0
2024-01-01 04:00:00,47.658466252766644,62.562981571919124,109.99219879381604,14.74162205970512,0.0
2024-01-01 05:00:00,47.6586304305082,57.24024995470981,83.71607765520427,6.954717424516394,0.0
2024-01-01 06:00:00,65.79212815507391,60.2765089959809,86.78458295625607,7.5674274663689856,0.0
2024-01-01 07:00:00,57.67434729152909,65.21372558042506,114.65910046887733,6.227266423256151,0.0
2024-01-01 08:00:00,45.30525614065048,51.90360479535958,130.95707678584088,9.297940422679055,0.0
2024-01-01 09:00:00,55.42560043585965,48.32542911896531,100.53178941840154,11.399075123339003,0.0
2024-01-01 10:00:00,45.365823071875376,62.93767882646522,107.72082531497409,12.962003549767307,0.0
2024-01-01 11:00:00,45.34270246429743,45.32440833577452,142.55537361588094,9.772146929072433,0.0
2024-01-01 12:00:00,82.63196939908812,119.38111289076555,47.879280026902734,28.896849120891964,1.0
2024-01-01 13:00:00,30.86719755342202,34.46124593643239,165.04207785450987,10.455273976746222,0.0
2024-01-01 14:00:00,32.75082167486967,75.43733455988465,114.1377411407886,7.494571295109931,0.0
2024-01-01 15:00:00,44.37712470759027,67.08896223619564,55.98093102110456,16.26861616508432,0.0
2024-01-01 16:00:00,39.87168879665576,63.840446014708135,118.83354052761331,5.177016918645824,0.0
2024-01-01 17:00:00,53.142473325952736,74.74036475918271,109.52895962206944,10.554221736687174,0.0
2024-01-01 18:00:00,40.91975924478789,84.98211666693865,132.24381885206864,16.070818657688918,0.0
2024-01-01 19:00:00,35.87696298664709,75.21555097527195,116.82953378174896,10.020399533679994,0.0
2024-01-01 20:00:00,64.65648768921554,32.38688653002532,96.53860040040566,9.429882894995517,0.0
2024-01-01 21:00:00,47.74223699513465,40.806345498964475,69.39254409276586,8.927663731568718,0.0
2024-01-01 22:00:00,72.1825723415687,108.623873967344,32.44148777757904,30.392738596155375,1.0
2024-01-01 23:00:00,35.75251813786544,60.3913657531625,78.7369886447675,14.118545424029591,0.0
2024-01-02 00:00:00,89.73158460415713,107.2913763147645,-2.2064903806137295,26.537641364806817,1.0
2024-01-02 01:00:00,51.10922589709866,49.11384280269802,114.71446011051523,14.600301103888977,0.0
2024-01-02 02:00:00,38.490064225776976,62.80150146715617,141.74761260878515,5.728128542649564,0.0
2024-01-02 03:00:00,53.75698018345672,48.66925601470016,109.86678824557453,9.200043012296756,0.0
2024-01-02 04:00:00,43.99361310081195,50.82723295512078,70.1029234491204,8.712266739104015,0.0
2024-01-02 05:00:00,47.083062502067236,38.900083547276665,111.11506670550352,11.76565980931216,0.0
2024-01-02 06:00:00,43.98293387770603,46.151501308336435,129.91578716614129,5.205626944348757,0.0
2024-01-02 07:00:00,68.52278184508938,39.724730915754996,84.75542739201545,11.386517998245829,0.0
2024-01-02 08:00:00,92.68229702627913,97.88499068167168,29.650977643514636,32.35049040016111,1.0
2024-01-02 09:00:00,39.422890710440996,75.80462694911759,100.36720486822993,5.910477986221569,0.0
2024-01-02 10:00:00,58.225449121031886,45.759016667520854,80.377542172944,10.569118502831188,0.0
2024-01-02 11:00:00,37.791563500289776,99.48573097256086,116.20701084609648,8.014053466610173,0.0
2024-01-02 12:00:00,52.08863595004755,67.39976851321333,96.97629628480546,11.277661618579106,0.0
2024-01-02 13:00:00,65.02125938420377,115.95568444537548,38.348404270488814,25.49010695773465,1.0
2024-01-02 14:00:00,36.71813951101569,47.1246332972818,77.8126955549475,8.075539272867072,0.0
2024-01-02 15:00:00,87.28603508247804,107.53741619148032,9.302900785571012,27.462458250153674,1.0
2024-01-02 16:00:00,57.38466579995411,51.36543260643339,118.05953394569428,15.413044329360229,0.0
2024-01-02 17:00:00,51.7136828118997,61.83014721968042,90.67917119770583,9.427288624818104,0.0
2024-01-02 18:00:00,48.843517176117594,98.40126807403192,143.17409628083513,12.159273826444545,0.0
2024-01-02 19:00:00,46.98896304410711,58.559101504130254,90.00909535963494,6.120181126386509,0.0
2024-01-02 20:00:00,35.214780096325725,77.23909989428513,105.61711814379714,7.130690869545974,0.0
2024-01-02 21:00:00,42.801557916052914,49.45235362311169,123.31477079682725,11.417218833641133,0.0
2024-01-02 22:00:00,45.393612290402125,59.47517264254557,64.54085667667421,14.452348085607895,0.0
2024-01-02 23:00:00,60.57122226218915,86.56200953453265,55.979779700480606,11.06684004635698,0.0
2024-01-03 00:00:00,53.43618289568462,50.59549413318349,61.85859213574763,9.060825908430537,0.0
2024-01-03 01:00:00,32.36959844637266,87.18672836995393,131.56460258567955,9.997874216270063,0.0
2024-01-03 02:00:00,53.24083969394795,70.61627903183214,86.20354635268883,6.248776798090848,0.0
2024-01-03 03:00:00,46.149177195836835,51.56299836158598,163.9549821417063,11.8135459790661,0.0
2024-01-03 04:00:00,43.23077999694041,69.48611608583282,85.89381003356529,12.646999186970227,0.0
2024-01-03 05:00:00,56.11676288840868,74.58831674440094,104.61378257992592,8.643729001500759,0.0
2024-01-03 06:00:00,60.30999522495951,69.32714943325794,138.5527488141969,8.589873556721496,0.0
2024-01-03 07:00:00,83.94756731130977,70.21121810561768,96.20535205665031,34.61875094374138,1.0
2024-01-03 08:00:00,41.607824767773614,49.09294236262697,151.53758941590996,8.689840791878213,0.0
2024-01-03 09:00:00,46.907876241487855,56.287220466727426,130.20915576482855,9.801602156122533,0.0
2024-01-03 10:00:00,53.31263431403564,58.88349856349931,125.60156314528656,16.299165367499548,0.0
2024-01-03 11:00:00,98.00503627145675,99.61861634133093,31.63699403435696,19.475144570465936,1.0
2024-01-03 12:00:00,68.55604762026452,121.56632462737994,58.83666304439229,25.46087366109188,1.0
2024-01-03 13:00:00,48.14341023336183,39.96983461934848,86.22035709178667,8.057374583094523,0.0
2024-01-03 14:00:00,38.93665025993972,65.70296776508945,79.54502791444233,12.23257591449981,0.0
2024-01-03 15:00:00,38.037933759193294,69.15878617925735,99.9156385647262,9.45632748034569,0.0
2024-01-03 16:00:00,58.125258223941984,68.3968567189656,95.74538443687679,8.051880885035722,0.0
2024-01-03 17:00:00,63.56240028570823,76.21171088331933,88.66929876681812,13.963912096819037,0.0
2024-01-03 18:00:00,49.27989878419666,72.50883231823356,117.40968618641789,14.258809013540912,0.0
2024-01-03 19:00:00,60.03532897892024,66.88770118842655,123.88263021426278,8.198729302783885,0.0
2024-01-03 20:00:00,53.61636025047634,58.94751432812029,102.21017215729618,4.4003801459181515,0.0
2024-01-03 21:00:00,43.54880245394876,35.085585997260125,136.93825202638155,13.022541069510766,0.0
2024-01-03 22:00:00,53.61395605508414,66.44427328698879,71.45777214666238,7.946110522719988,0.0
2024-01-03 23:00:00,65.38036566465969,63.115315307446664,95.15851351800704,12.371876797488305,0.0
2024-01-04 00:00:00,49.64173960890049,64.0736825579306,82.07944198492987,4.089688546864494,0.0
2024-01-04 01:00:00,65.64643655814007,40.84877136269536,53.3365845731735,12.677792014897928,0.0
2024-01-04 02:00:00,23.802548959102555,43.784151893876064,97.93298285393251,6.366484212157657,0.0
2024-01-04 03:00:00,58.21902504375224,75.79729279999356,96.95631229041791,12.192292357199573,0.0
2024-01-04 04:00:00,50.870470682381715,59.406672692150174,137.83624358105328,10.042819203509302,0.0
2024-01-04 05:00:00,47.009926495341325,70.22251046058936,115.77029211386943,7.138181741810065,0.0
2024-01-04 06:00:00,50.91760776535502,60.42477564195692,74.39532939176988,8.778891061219658,0.0
2024-01-04 07:00:00,30.124310853991073,60.446342092436176,146.35231415835472,12.058955370870102,0.0
2024-01-04 08:00:00,47.80328112162488,74.07425708963997,130.5258423881338,10.317683359345702,0.0
2024-01-04 09:00:00,53.57112571511746,52.25932907673939,114.55244258671539,11.753238941417452,0.0
2024-01-04 10:00:00,64.77894044741517,61.44181165411475,94.3378975287542,15.929321753546457,0.0
2024-01-04 11:00:00,44.81729781726352,53.06587066942436,76.014019081913,5.307275164866846,0.0
2024-01-04 12:00:00,69.03942067363585,105.65456586669644,2.8424248632924076,37.99224768958801,1.0
2024-01-04 13:00:00,44.982429564154636,55.36241814797041,127.21871549260464,10.313067812569638,0.0
2024-01-04 14:00:00,59.15402117702074,63.33200657450569,147.1146576483652,7.303647855030615,0.0
2024-01-04 15:00:00,53.287511096596845,52.818770675047844,138.58108820680474,6.009059122783031,0.0
2024-01-04 16:00:00,86.44034656775848,117.28482314677177,37.434866344360685,27.423014519407594,1.0
2024-01-04 17:00:00,55.13267433113356,46.580890466707444,72.00956416777473,12.764950335773378,0.0
2024-01-04 18:00:00,50.9707754934804,57.196925337579614,103.5221561727801,9.617352638867397,0.0
2024-01-04 19:00:00,59.68644990532889,53.40403412588738,55.78901586092871,14.533464790742043,0.0
2024-01-04 20:00:00,76.96845144942104,123.46747557244318,42.48522106643327,33.829978210917034,1.0
2024-01-04 21:00:00,46.723378534022316,62.94832164767362,96.30993534253328,9.963733156461837,0.0
2024-01-04 22:00:00,46.078918468678424,75.47766809202952,88.34908745329395,6.242819666760643,0.0
2024-01-04 23:00:00,35.364850518678814,37.716594404445416,60.13242331833011,11.090895647874904,0.0
2024-01-05 00:00:00,52.96120277064576,64.00575398803889,112.84000266424292,12.6606621702919,0.0
2024-01-05 01:00:00,52.610552721798896,73.34446193435156,86.68247900845222,8.73771461895684,0.0
2024-01-05 02:00:00,50.05113456642461,61.23425983913136,70.75207910724279,2.1873584301185973,0.0
2024-01-05 03:00:00,47.65412866624853,75.98220562598027,28.193444667958772,10.596844440389484,0.0
2024-01-05 04:00:00,35.84629257949586,52.24067324849442,99.3121273737341,11.310215655200528,0.0
2024-01-05 05:00:00,45.79354677234641,81.1402116027837,144.3062899167436,11.212884264885092,0.0
2024-01-05 06:00:00,46.572854834732304,94.48347185428875,141.53148036369674,13.707346575466463,0.0
2024-01-05 07:00:00,41.97722730778381,54.55742159340512,88.5725935853432,6.786838961052854,0.0
2024-01-05 08:00:00,48.387142883339905,53.31746217898842,84.94469849095549,12.040648316351348,0.0
2024-01-05 09:00:00,54.040508568145384,81.80076715676552,111.71935640187559,13.577522537433925,0.0
2024-01-05 10:00:00,68.8618590121053,83.69358218596068,75.04036402029271,4.6642372479804495,0.0
2024-01-05 11:00:00,51.74577812831839,52.15709959270097,107.54479749548665,10.958955477756932,0.0
2024-01-05 12:00:00,77.7803854178783,104.88458262022002,49.03169399465166,34.50707451504428,1.0
2024-01-05 13:00:00,49.25554084233833,55.773230867092394,130.67333059710768,9.755431980695063,0.0
2024-01-05 14:00:00,30.812287847009586,39.833242334485846,97.49614808800118,11.043029450615009,0.0
2024-01-05 15:00:00,49.73486124550783,46.220220802737025,94.90815624557585,8.538314307659343,0.0
2024-01-05 16:00:00,50.60230209941027,44.93788849871898,78.05043533108598,7.972875762515164,0.0
2024-01-05 17:00:00,74.63242112485287,48.483036523438074,79.3279911490035,10.102457252464074,0.0
2024-01-05 18:00:00,48.076390352188774,59.47972668919828,94.33802770246183,6.738262183411592,0.0
2024-01-05 19:00:00,53.015473423336125,63.51322098804781,109.18413767040445,6.742524613344443,0.0
2024-01-05 20:00:00,49.65288230294757,83.25750739221115,122.83961565583124,12.03811984886951,0.0
2024-01-05 21:00:00,38.31321962380468,45.024689388918134,79.92052623299138,6.553617894524032,0.0
2024-01-05 22:00:00,61.42822814515021,74.76483597714875,137.31721422398806,11.998937502727635,0.0
2024-01-05 23:00:00,57.519330326867745,56.790167336617365,93.22190997393578,11.387773878561854,0.0
2024-01-06 00:00:00,57.910319470430466,59.25804435521351,99.46581764128909,4.822579813628209,0.0
2024-01-06 01:00:00,40.906125452052606,70.12229238249905,81.31970802130442,7.967306042993035,0.0
2024-01-06 02:00:00,64.02794310936099,43.159169676565526,39.39399349317646,13.582328209142117,0.0
2024-01-06 03:00:00,35.98148937207719,65.73614619276076,122.10113490902624,7.056503406580955,0.0
2024-01-06 04:00:00,55.868570938002705,62.49678312319584,118.42109742731083,8.606787213071836,0.0
2024-01-06 05:00:00,71.90455625809979,67.38676896012224,92.96681107204466,11.38618267975569,0.0
2024-01-06 06:00:00,40.09463674869312,64.33752965861727,101.6747679306218,12.350171527847786,0.0
2024-01-06 07:00:00,44.33702270397228,96.82950209866341,112.89848044260249,9.245383341866512,0.0
2024-01-06 08:00:00,50.99651365087641,50.43390023623026,60.936353577836435,8.207469415925075,0.0
2024-01-06 09:00:00,44.96524345883801,52.035045674972736,86.77368306634263,14.267109585095522,0.0
2024-01-06 10:00:00,34.493365689338674,50.65289210362853,119.85661699054567,15.216698991392736,0.0
2024-01-06 11:00:00,50.68562974806027,51.66784321259618,68.64276442076877,12.936574152345386,0.0
2024-01-06 12:00:00,39.37696286273895,50.439193090402235,107.33894830416573,10.255954427695071,0.0
2024-01-06 13:00:00,54.73592430635182,77.83524796661328,66.08545488441487,7.575202835077221,0.0
2024-01-06 14:00:00,40.80575765766197,81.30756371984782,111.66074956083816,7.508666780330304,0.0
2024-01-06 15:00:00,65.4993440501754,51.438805593757856,99.10896294256291,11.567542315797272,0.0
2024-01-06 16:00:00,42.16746707663763,47.51466640343657,59.621704602362264,11.255194662666051,0.0
2024-01-06 17:00:00,46.77938483794324,67.07123334579606,129.1184838614293,14.204795778839287,0.0
2024-01-06 18:00:00,58.135172173696695,51.716654335785435,81.63521058004878,11.951350277608418,0.0
2024-01-06 19:00:00,37.69135683566045,69.49397726633266,79.74368907464047,5.490759094720546,0.0
2024-01-06 20:00:00,52.27459934604129,63.0438453127695,105.01422993077357,13.155842853168757,0.0
2024-01-06 21:00:00,63.07142754282428,37.26383827504152,128.71593373571787,7.005818118056761,0.0
2024-01-06 22:00:00,33.92516765438772,83.21257801995093,74.60445452554008,8.848086184142945,0.0
2024-01-06 23:00:00,51.84633858532304,86.93816509643283,101.54199624619929,10.750600618755083,0.0
2024-01-07 00:00:00,52.598827942484235,50.80816964273421,110.72041250826433,15.987002469351893,0.0
2024-01-07 01:00:00,57.8182287177731,54.18447660096024,117.3276401815786,19.329755668016084,0.0
2024-01-07 02:00:00,37.63049289121918,64.28798086087357,104.41103888193064,11.820169177408548,0.0
2024-01-07 03:00:00,36.795433869157236,65.01685184980538,90.82430402291695,9.450410143838836,0.0
2024-01-07 04:00:00,55.21941565616898,69.87816409009245,79.31024448378201,11.603516945441651,0.0
2024-01-07 05:00:00,52.96984673233186,90.15306808149525,102.15359707615937,12.662966277621507,0.0
2024-01-07 06:00:00,52.504928503458764,57.34579158758926,73.19652470035983,9.037997123328426,0.0
2024-01-07 07:00:00,53.46448209496975,48.02554133192319,26.96623791263481,15.385634067736966,0.0
2024-01-07 08:00:00,43.19975278421509,39.31021157978209,110.9139951039417,10.690212277574206,0.0
2024-01-07 09:00:00,83.71508265918956,97.71673562936513,28.369026615674187,23.582319629277208,1.0
2024-01-07 10:00:00,52.93072473298681,59.503095406893046,40.92668911145404,11.997772756163384,0.0
2024-01-07 11:00:00,42.85648581973632,86.91836795276681,74.75673238225156,11.264759831843367,0.0
2024-01-07 12:00:00,68.65774511144757,52.235830514457426,115.47885652512994,12.516821501408836,0.0
2024-01-07 13:00:00,97.8217960315793,121.2311607909341,54.66316106641767,26.747392835955665,1.0
2024-01-07 14:00:00,38.08696502797351,59.753656558908716,100.5198426918852,8.325094738161908,0.0
2024-01-07 15:00:00,56.5655360863383,77.82589910172126,81.79992646927164,6.6995373010849155,0.0
2024-01-07 16:00:00,40.253183297726785,97.90398638810433,95.427588972379,11.318503691860679,0.0
2024-01-07 17:00:00,57.87084603742452,52.03696840619519,134.37191047870462,12.336809510536343,0.0
2024-01-07 18:00:00,61.58595579007404,52.658408362226666,83.85089552188661,11.373318598455658,0.0
2024-01-07 19:00:00,41.7931768164829,75.66241315603608,80.02019983374366,15.023477300042611,0.0
2024-01-07 20:00:00,59.63376129244322,70.22837234439467,87.93141194544918,9.98321194351286,0.0
2024-01-07 21:00:00,54.12780926936498,87.7006098860405,76.16678479353219,12.006224966777538,0.0
2024-01-07 22:00:00,58.2206015999449,68.75892277988946,103.06675789986988,6.724897371582057,0.0
2024-01-07 23:00:00,68.96792982653947,54.610618638194104,140.616961461739,8.838700892576798,0.0
2024-01-08 00:00:00,47.54611883997129,68.85982246038463,108.07698182790072,12.086613272697333,0.0
2024-01-08 01:00:00,42.4626383564251,76.63055370874362,93.69116244684281,12.547306332229432,0.0
2024-01-08 02:00:00,41.10485570374477,72.30723271796046,92.7047182771114,9.118099157007453,0.0
2024-01-08 03:00:00,41.841897150345616,67.60911046660947,60.920229782583576,9.785202244425799,0.0
2024-01-08 04:00:00,49.228982905858956,76.00012034383731,122.07774442867898,5.446378759957572,0.0
2024-01-08 05:00:00,53.41151974816644,77.5394338566851,98.05407007467996,8.928912397580172,0.0
2024-01-08 06:00:00,52.766907993300194,80.7323848655629,95.48800216023436,12.671149490559358,0.0
2024-01-08 07:00:00,91.41719088781058,120.08564736262377,92.26883234841938,36.38561719277216,1.0
2024-01-08 08:00:00,50.13001891877907,57.493228795247184,107.46882270914216,11.50199716414363,0.0
2024-01-08 09:00:00,64.53534077157317,62.20070529649984,81.2052237476204,10.14932106154288,0.0
2024-01-08 10:00:00,47.35343166762044,78.09763449762535,89.34106009486142,10.02118947588453,0.0
2024-01-08 11:00:00,77.20169166589619,47.74596493519146,128.71114272991886,8.019036581579659,0.0
2024-01-08 12:00:00,56.25667347765006,65.53009963309351,102.83176026344411,12.096485260607604,0.0
2024-01-08 13:00:00,41.42842443583717,54.09991781508959,64.04305054206583,11.26291883316817,0.0
2024-01-08 14:00:00,39.29107501938888,60.431172344022265,122.98072336438008,11.476056543978398,0.0
2024-01-08 15:00:00,54.824724152431855,79.17677793910948,83.29639786152515,8.421895471997258,0.0
2024-01-08 16:00:00,47.76537214674149,62.86648602029855,146.83244440543865,3.539971240386267,0.0
2024-01-08 17:00:00,57.14000494092092,60.69654822234223,127.00120164286622,13.291458135261088,0.0
2024-01-08 18:00:00,54.73237624573545,39.60215788530121,88.81695260853122,8.563487631974787,0.0
2024-01-08 19:00:00,49.271710873431275,71.19380349040831,132.0254090433778,7.411672707870638,0.0
2024-01-08 20:00:00,41.532062819315954,69.68226271711613,101.69638776318509,12.08043673574198,0.0
2024-01-08 21:00:00,34.851527753141355,92.4488208495819,121.31934187805548,8.82396208024261,0.0
2024-01-08 22:00:00,45.53485047932979,55.38332647570499,112.11832043236187,13.179809152139866,0.0
2024-01-08 23:00:00,58.56398794323472,63.287254914959085,78.84108362522817,11.851017848730093,0.0
2024-01-09 00:00:00,52.14093744130204,63.74075525566133,83.91125419206345,12.050707969601433,0.0
2024-01-09 01:00:00,37.542612212880115,83.66179919645211,125.74902043952903,5.902132866398397,0.0
2024-01-09 02:00:00,51.73180925851182,58.57056701419572,91.63061669733648,13.635831956159201,0.0
2024-01-09 03:00:00,53.85317379728837,64.18532288655508,89.90878841895008,10.783751593701568,0.0
2024-01-09 04:00:00,41.16142563798867,69.11844764574809,76.12193551626618,8.892168582261391,0.0
2024-01-09 05:00:00,51.53725105945528,62.79913684734537,110.58997663983652,10.430165402026754,0.0
2024-01-09 06:00:00,50.58208718446,53.30349578174208,151.5631229810786,4.67129430130504,0.0
2024-01-09 07:00:00,38.57029702169377,62.911349893474615,73.31167714364318,11.225958434442013,0.0
2024-01-09 08:00:00,53.577873603482836,76.10447624789659,100.60548641681895,6.9118854754537855,0.0
2024-01-09 09:00:00,55.60784526368234,44.602270508834096,135.30551388538572,5.941989142469397,0.0
2024-01-09 10:00:00,60.830512431752766,61.99454511220314,98.00896521885713,5.432922441346326,0.0
2024-01-09 11:00:00,60.53802052034903,49.4981877759124,111.30929490624335,13.338065124969775,0.0
2024-01-09 12:00:00,36.22330632042909,77.92569943387264,73.440161796328,8.112209818921635,0.0
2024-01-09 13:00:00,40.62174960084877,37.15219642824338,110.70767743019121,14.601183129749497,0.0
2024-01-09 14:00:00,55.1503526720866,51.61617229092617,95.32139337488628,8.392595610843106,0.0
2024-01-09 15:00:00,55.13785950912209,65.65817812596781,124.64324989199658,4.87792612722116,0.0
2024-01-09 16:00:00,55.150476863060476,83.4828604385151,129.6846512891188,6.650426680154022,0.0
2024-01-09 17:00:00,88.52731490654722,59.01374608390518,164.73909105046533,13.707434860020816,0.0
2024-01-09 18:00:00,55.70890510693167,51.67200709960203,114.4908293303394,9.532305466189998,0.0
2024-01-09 19:00:00,61.35565640180599,88.21735604160885,108.14490791455417,8.355138110528197,0.0
2024-01-09 20:00:00,59.54001763493203,38.279791493756335,104.8596075394334,10.480054677558362,0.0
2024-01-09 21:00:00,56.51391251305798,27.017910650698774,91.17084267973279,11.505348208502635,0.0
2024-01-09 22:00:00,46.84730755359654,66.60021675079999,108.46209608654227,13.352196447707382,0.0
2024-01-09 23:00:00,57.589692204932675,52.46918663471083,92.61496474652427,14.34549768967878,0.0
2024-01-10 00:00:00,42.27174785462428,44.681507743039305,104.21152440674035,8.920694062632743,0.0
2024-01-10 01:00:00,47.63181393259991,70.6253467094903,132.939938390199,6.021856941753885,0.0
2024-01-10 02:00:00,45.14636452170897,63.65701070656798,74.83643586800898,8.759604516630173,0.0
2024-01-10 03:00:00,50.81874139386323,51.538820538949075,128.49696402822613,10.780841519748659,0.0
2024-01-10 04:00:00,73.14658566673509,40.79543401993658,132.92787668349663,7.108723221368168,0.0
2024-01-10 05:00:00,31.32734807408252,73.08685992420217,97.04828682522303,7.128547255314871,0.0
2024-01-10 06:00:00,56.86260190374514,69.75301766937991,46.953627524785134,11.031363644649657,0.0
2024-01-10 07:00:00,33.87284128810349,58.51236204330926,84.80445032263918,9.854042945288647,0.0
2024-01-10 08:00:00,45.280681342105666,87.69955494071499,132.42486366402773,10.09839098623476,0.0
2024-01-10 09:00:00,60.889505969673664,43.94872850510771,99.42829844252795,7.724513995899791,0.0
2024-01-10 10:00:00,50.64280019095463,37.117122436128916,75.01744419262724,9.308797857382698,0.0
2024-01-10 11:00:00,39.22255222070694,49.62137895178133,87.38062696929457,7.227300567195087,0.0
2024-01-10 12:00:00,42.84696290740032,59.31620975466753,121.01550066261382,12.67059523337436,0.0
2024-01-10 13:00:00,56.79597748934676,63.65009173984038,113.66833920503448,13.105748004171257,0.0
2024-01-10 14:00:00,42.69633368282864,56.38145913215505,94.02669752075764,4.4614364132857185,0.0
2024-01-10 15:00:00,52.16458589581975,65.28083094771445,90.82938970463282,7.21146741942277,0.0
2024-01-10 16:00:00,50.45571839903814,41.22690863714334,90.20604627390445,5.510412234729763,0.0
2024-01-10 17:00:00,43.483996523941826,81.65646906109889,76.93974538753744,8.049928196779305,0.0
2024-01-10 18:00:00,71.43944089325325,58.76773232411147,140.38439223673606,9.749686090628918,0.0
2024-01-10 19:00:00,56.33919022318011,76.75943747382192,91.9419882697165,5.6510643409044095,0.0
2024-01-10 20:00:00,29.74857413342393,65.14088019566556,130.4289630206374,7.234420560624061,0.0
2024-01-10 21:00:00,51.86454314769428,66.85129828730676,138.0329012980613,6.988127883755505,0.0
2024-01-10 22:00:00,43.38213535231612,68.54650920348305,124.95777245369901,10.621801988196832,0.0
2024-01-10 23:00:00,58.52433334796224,66.71562840025973,89.20949218204879,10.208033011108752,0.0
2024-01-11 00:00:00,42.07479261567299,69.64084139801315,110.09325225841523,7.834787339988241,0.0
2024-01-11 01:00:00,48.85263558533101,79.93728795198646,99.3951098402271,10.530462616418195,0.0
2024-01-11 02:00:00,55.049872789804574,62.94781754552205,77.4074534817468,8.359959746238204,0.0
2024-01-11 03:00:00,58.657551941701215,70.63505636382769,108.10898204304007,9.18503466902184,0.0
2024-01-11 04:00:00,37.997035929442234,58.6539645856916,70.52400522100494,15.020356270895611,0.0
2024-01-11 05:00:00,46.654987641590516,81.6017582317421,129.69198471153908,14.021383155371044,0.0
2024-01-11 06:00:00,45.25054688839044,49.85411546911095,88.38456756754017,6.101256289217207,0.0
2024-01-11 07:00:00,43.46670767426288,87.01410649366224,105.02899139682098,12.489197253637524,0.0
2024-01-11 08:00:00,67.65454240281096,59.39763074033485,107.08219678865355,12.434189663474776,0.0
2024-01-11 09:00:00,54.049817109609556,38.53837346822928,93.52737565739807,6.555210133742145,0.0
2024-01-11 10:00:00,37.391160456649544,61.92156622366184,114.66734503688187,12.456332931264582,0.0
2024-01-11 11:00:00,59.17861947054776,49.78422513787679,88.12740858443689,14.613795755237659,0.0
2024-01-11 12:00:00,71.22156197012633,72.60965323483086,121.78243243643111,6.632365581266758,0.0
2024-01-11 13:00:00,60.32465260551147,50.210640310464136,66.35050799383129,7.2474915369572095,0.0
2024-01-11 14:00:00,34.80630034045987,53.307248501778304,103.1594894886603,13.052984400530507,0.0
2024-01-11 15:00:00,45.15765927133749,31.656889035817034,148.47322497645712,10.814485932476945,0.0
2024-01-11 16:00:00,62.669111491866225,53.21540521126385,74.99171688486064,11.65442882571857,0.0
2024-01-11 17:00:00,42.92330534381219,23.64181010056565,83.05637573687872,11.02176764920149,0.0
2024-01-11 18:00:00,54.43819428146229,36.24145764771415,112.84769624147287,11.172087762784432,0.0
2024-01-11 19:00:00,57.74634053429337,71.40621984216446,104.48954454848995,6.0205836150667515,0.0
2024-01-11 20:00:00,40.730695284219166,71.78700237976248,108.76575248183897,13.141953119864345,0.0
2024-01-11 21:00:00,49.404746439382,66.38186342677447,112.22967825369159,13.50876997728332,0.0
2024-01-11 22:00:00,17.58732659930927,45.495357853061805,115.86803671404425,9.311827767795917,0.0
2024-01-11 23:00:00,39.756123586657104,59.2843296578703,127.74249604890558,9.869569150558412,0.0
2024-01-12 00:00:00,47.4743184860684,59.945961913641476,110.24546642321282,5.406677492332833,0.0
2024-01-12 01:00:00,37.52216818035151,42.624529662111854,93.96855863453644,11.542764268053505,0.0
2024-01-12 02:00:00,66.32411303931636,82.55097452650726,116.81434253006827,11.716172325142432,0.0
2024-01-12 03:00:00,35.69858622039367,73.16043435863507,147.4970483723804,9.813426949002068,0.0
2024-01-12 04:00:00,45.599555133030165,56.68553739255504,96.68415634043566,13.373060079611509,0.0
2024-01-12 05:00:00,51.30740577286091,60.40328758491796,75.63676738323396,8.997768307060179,0.0
2024-01-12 06:00:00,64.41273289066116,63.125742119213285,127.67701673217432,11.6938177776808,0.0
2024-01-12 07:00:00,35.6413784882056,29.373976973635642,96.99047090116004,6.9410069839236535,0.0
2024-01-12 08:00:00,61.63163752154959,56.29233926219105,45.683261349649094,9.929343547377286,0.0
2024-01-12 09:00:00,50.10233061019587,49.77023628003302,121.18554192876054,9.476937226291492,0.0
2024-01-12 10:00:00,40.18491348952049,44.975699851576266,86.61679535115194,10.675923766122825,0.0
2024-01-12 11:00:00,54.62103474263271,55.78349560671067,97.73666794239598,8.891419213499924,0.0
2024-01-12 12:00:00,51.9905969557347,86.96529790274283,108.29950826422537,9.605582212984997,0.0
2024-01-12 13:00:00,43.99783122841205,69.61264291900514,104.76249199447666,12.47814151432452,0.0
2024-01-12 14:00:00,50.69802084990019,51.432315153258045,117.73629542847598,8.689707288285348,0.0
2024-01-12 15:00:00,46.1468640313824,68.58874172034238,89.11284073575392,5.180268697783962,0.0
2024-01-12 16:00:00,51.13517345251248,80.99033154879004,112.82764495440207,15.248751712616261,0.0
2024-01-12 17:00:00,56.62130674521047,73.86950524369153,93.51133306040207,14.144362236071458,0.0
2024-01-12 18:00:00,65.86016816145352,60.89445554880261,118.47026202218757,6.123211914683144,0.0
2024-01-12 19:00:00,37.62184501173151,50.295948334416394,115.38418710032633,12.069123415735582,0.0
2024-01-12 20:00:00,71.33033374656267,70.47334970420386,76.61403244888511,8.49107568834597,0.0
2024-01-12 21:00:00,30.479122004774982,65.90228078132624,127.14955290437581,10.79046164599318,0.0
2024-01-12 22:00:00,48.482149049644164,73.42789830041599,86.6009138721488,10.882672387040481,0.0
2024-01-12 23:00:00,55.883172064845766,69.52757702522955,120.20144495702863,9.296776599051034,0.0
2024-01-13 00:00:00,52.809918677350325,75.74329072979003,109.18218283503352,7.6487030032408105,0.0
2024-01-13 01:00:00,43.77300480179406,51.97147182659148,145.95459191987806,7.928376843051222,0.0
2024-01-13 02:00:00,47.918777496427246,79.76091098451488,94.4133504407037,7.251424253556273,0.0
2024-01-13 03:00:00,45.06999065341167,62.96399407038599,91.26708009704507,7.504533375308666,0.0
2024-01-13 04:00:00,44.106352430557884,91.12891308937898,99.51450985280668,9.798465129851934,0.0
2024-01-13 05:00:00,58.496020970210246,49.66218272865648,92.42050542914312,7.852720032667745,0.0
2024-01-13 06:00:00,53.57015485965047,86.03945704747875,119.99854754855124,12.04615619713786,0.0
2024-01-13 07:00:00,43.070904047393455,62.96866175193972,59.5922347890853,14.461738466007782,0.0
2024-01-13 08:00:00,58.995998754332504,50.22872994578327,73.65793952134115,8.259840275889871,0.0
2024-01-13 09:00:00,53.072995208766095,52.741712489185176,73.30492696052018,10.718213501606131,0.0
2024-01-13 10:00:00,58.1286211883896,55.1947903770852,123.75768979933939,11.499055330908801,0.0
2024-01-13 11:00:00,56.29628841923612,66.36248919602875,142.76533431454814,11.416006812757823,0.0
2024-01-13 12:00:00,41.710049890779274,67.8425323205325,97.38876953656322,10.227865803748262,0.0
2024-01-13 13:00:00,44.39818959803031,51.394499940921314,95.77945692024973,12.228047255079167,0.0
2024-01-13 14:00:00,57.472936051232615,59.634681116085254,101.75130407782953,11.446746858041971,0.0
2024-01-13 15:00:00,56.10370265433465,92.13405537917795,129.04695756520476,6.2870127330181065,0.0
2024-01-13 16:00:00,49.79098406035852,85.91314755151066,76.81617164523564,12.607468193167819,0.0
2024-01-13 17:00:00,51.17327383308782,66.54485504511048,105.95922456836963,12.661872511800226,0.0
2024-01-13 18:00:00,62.77664895788425,60.570052172523006,124.37994074456074,7.710141687464255,0.0
2024-01-13 19:00:00,44.0842861116417,61.80046990077392,112.52735424849612,10.113813506342806,0.0
2024-01-13 20:00:00,55.470973811700375,69.20276959095625,104.73954041496859,12.049986978433209,0.0
2024-01-13 21:00:00,82.02014510268977,98.70148480871252,25.52071000983524,37.28331550389869,1.0
2024-01-13 22:00:00,47.8231879677278,56.139351938649824,32.419192675019076,13.218934143298036,0.0
2024-01-13 23:00:00,60.9877685198719,34.97123889183616,116.94688298827269,17.09161748385808,0.0
2024-01-14 00:00:00,58.2541634898803,65.98834683907918,83.6481079218144,7.642041902095053,0.0
2024-01-14 01:00:00,58.135096360006386,69.70793909554112,54.23417757858858,5.856866190538676,0.0
2024-01-14 02:00:00,63.05478807154329,52.75220306550939,112.78006498812452,10.911455786814628,0.0
2024-01-14 03:00:00,50.21003841632759,83.6098014493505,134.34146362907393,12.16468751537843,0.0
2024-01-14 04:00:00,56.81952971294964,41.61351505496488,96.5637871343077,9.307400878465693,0.0
2024-01-14 05:00:00,46.89733243406544,38.0343767968527,123.82186368007348,14.359781989963103,0.0
2024-01-14 06:00:00,53.24166352488442,63.36677727839958,140.30695644971615,5.984182600830254,0.0
2024-01-14 07:00:00,48.698569456323156,75.70647453918232,132.87286133960117,12.078755869094834,0.0
2024-01-14 08:00:00,50.96995964992718,85.25891537186803,140.99911323428483,8.18241753772332,0.0
2024-01-14 09:00:00,55.95157025436914,53.1167360569659,118.5531872767973,15.15813371862189,0.0
2024-01-14 10:00:00,41.81779316766527,76.18021250146944,101.88584097253982,15.977546059504355,0.0
2024-01-14 11:00:00,70.9238727568546,59.422372957489394,59.95085470257079,7.7000302366499564,0.0
2024-01-14 12:00:00,39.93982618500298,57.41059050088771,93.84843779675128,8.35132859227426,0.0
2024-01-14 13:00:00,37.85811387212268,73.25489906230008,78.9188351170952,12.578763660939405,0.0
2024-01-14 14:00:00,61.581108735000676,69.78484317620129,154.27356793744534,8.838608050631457,0.0
2024-01-14 15:00:00,57.91662693962936,36.35411764523626,95.60285468919159,9.863766346203285,0.0
2024-01-14 16:00:00,56.24119817052155,82.14810524588844,103.08012016961214,10.07616526162723,0.0
2024-01-14 17:00:00,56.2834550926428,80.70137031221176,113.78713440101168,4.240980531407031,0.0
2024-01-14 18:00:00,49.87753227153085,50.61655947735706,101.09006115931135,9.958486761717289,0.0
2024-01-14 19:00:00,41.02745628514168,65.93705300156114,142.37627601076883,7.930816677807479,0.0
2024-01-14 20:00:00,50.75804558193726,67.41045279424108,84.4337659566387,8.520631532800683,0.0
2024-01-14 21:00:00,43.22838288487888,63.910106487358604,104.86518638093106,14.330896010406443,0.0
2024-01-14 22:00:00,59.75119733417751,51.7454226923187,81.43823535754879,6.2304793171622315,0.0
2024-01-14 23:00:00,48.52942618497861,49.92564948092922,66.99943721948236,12.439615560243933,0.0
2024-01-15 00:00:00,41.745028032074885,59.61668893512832,84.70577272736787,9.163111209004574,0.0
2024-01-15 01:00:00,46.78614158347007,77.59093528889048,99.0740800737897,9.160719494512497,0.0
2024-01-15 02:00:00,54.12931454275624,68.15400231891648,89.26744438706851,12.371115688155134,0.0
2024-01-15 03:00:00,44.36275447196025,54.44078501870841,82.6894755031536,11.020153883706671,0.0
2024-01-15 04:00:00,41.77779604433569,71.57548065972517,64.84206340820415,11.711838991658592,0.0
2024-01-15 05:00:00,52.436872114919126,17.27186069054887,97.92236068428264,12.904553981598584,0.0
2024-01-15 06:00:00,52.44966571108723,77.23148550558156,62.381990649224946,9.006074850450032,0.0
2024-01-15 07:00:00,44.9305682462887,33.904293318328506,119.00139909224006,8.16328979647675,0.0
2024-01-15 08:00:00,45.289616943816775,54.563385878953014,102.06099382336258,6.7445484203266055,0.0
2024-01-15 09:00:00,52.32049937357636,43.20495158060784,63.56121251337674,7.523768410063134,0.0
2024-01-15 10:00:00,35.51915658502676,40.57977786418641,92.26977307375341,18.847283275926173,0.0
2024-01-15 11:00:00,35.92536225623445,77.41240181067779,81.19608986023542,13.73403874221036,0.0
2024-01-15 12:00:00,42.81555778747564,52.98448198032163,107.97936276047952,5.9467769013759355,0.0
2024-01-15 13:00:00,47.86552848288153,65.19755822596073,133.5112611505786,6.032626129769289,0.0
2024-01-15 14:00:00,53.10907565598005,59.29619131681224,53.12068825885638,11.445598185155475,0.0
2024-01-15 15:00:00,64.75356216949552,67.15561240834683,102.87565197868543,11.641794392133901,0.0
2024-01-15 16:00:00,58.576596232020194,61.15232836590383,95.99668011083399,11.646651505952093,0.0
2024-01-15 17:00:00,48.40061470036573,40.755116637171454,116.78350191126164,9.235132619338906,0.0
2024-01-15 18:00:00,49.80983792097311,74.94400229170711,105.32991570594223,9.623637219991299,0.0
2024-01-15 19:00:00,39.97470635362191,52.593651252580315,81.20076670652952,10.983638572478073,0.0
2024-01-15 20:00:00,49.8148686400761,36.651271520103734,92.02365160833455,10.25767901887999,0.0
2024-01-15 21:00:00,47.11341361079862,53.578272585511314,80.09935357991277,3.3420988817573942,0.0
2024-01-15 22:00:00,53.227185603380896,82.51139685951466,126.90017846496497,9.310601108274419,0.0
2024-01-15 23:00:00,41.727690564476774,72.7533261317024,100.53279121679856,7.445780697219059,0.0
2024-01-16 00:00:00,55.193465142411725,54.77021798388211,147.52976714382518,10.525634256725535,0.0
2024-01-16 01:00:00,65.32738913002578,54.76113443522357,98.48347965463448,18.95577700781023,0.0
2024-01-16 02:00:00,48.91239851543143,55.17547423173926,82.28983082723843,11.102444996422914,0.0
2024-01-16 03:00:00,54.01711722098941,91.15121975341262,62.15714018467932,9.059410941482806,0.0
2024-01-16 04:00:00,56.90143991711113,65.7290317834733,54.921508093601375,12.765404505931757,0.0
2024-01-16 05:00:00,45.987795281141636,66.45062470786604,60.39660142486276,11.448063661627637,0.0
2024-01-16 06:00:00,52.24092481810417,75.45425181047763,106.67816627528708,11.260283471355525,0.0
2024-01-16 07:00:00,50.12592400781795,63.581837385397705,112.71812558074835,11.820551779647014,0.0
2024-01-16 08:00:00,50.97676098548832,56.11436781268945,60.470232449196665,16.169630694488625,0.0
2024-01-16 09:00:00,42.26990216144534,57.05475226372533,122.37595785190288,6.607334694022253,0.0
2024-01-16 10:00:00,50.245101742589426,58.92598110878904,87.92347370791401,11.420896230434364,0.0
2024-01-16 11:00:00,54.979982912454496,59.44166645235238,103.66982529963873,7.220856610055385,0.0
2024-01-16 12:00:00,64.51143607795042,70.9144431545547,140.30551570638562,11.666537939026744,0.0
2024-01-16 13:00:00,59.59270826085207,60.77918828710949,122.4209828966383,7.243940465541717,0.0
2024-01-16 14:00:00,71.53182457511556,70.98960115823368,93.28673380235419,8.747899559184747,0.0
2024-01-16 15:00:00,42.326524371119504,58.78925129837126,77.72019436461781,9.114730257286281,0.0
2024-01-16 16:00:00,58.723206367206785,61.17952785474136,46.20461496676738,12.927450158034127,0.0
2024-01-16 17:00:00,51.83342005738352,30.026989732018386,82.0211670189395,12.75536333182724,0.0
2024-01-16 18:00:00,71.89802933217672,73.74491512053723,94.72174402930764,6.262847870660846,0.0
2024-01-16 19:00:00,41.91701714644849,65.19732713846989,75.3205118212204,10.164802332999546,0.0
2024-01-16 20:00:00,41.602781578192236,74.97015164789478,96.71857582269239,7.8712604357524825,0.0
2024-01-16 21:00:00,72.43756605056646,68.03766852435899,31.36142262984191,32.75550675180328,1.0
2024-01-16 22:00:00,28.76104275690193,91.32562057171091,94.37860045479803,9.348948848726888,0.0
2024-01-16 23:00:00,44.74244978319239,57.90615557767239,83.74993547941351,9.074551634632542,0.0
2024-01-17 00:00:00,42.40867338446302,76.62274225106275,104.21636679916818,17.280149459036565,0.0
2024-01-17 01:00:00,51.50393786476208,44.401411093117034,111.04851623923523,11.298879476082089,0.0
2024-01-17 02:00:00,53.41755975777159,69.19160857593855,72.74002306392885,5.867147497737288,0.0
2024-01-17 03:00:00,68.76170839215887,44.198766552395156,135.27330949365677,8.305677987487172,0.0
2024-01-17 04:00:00,59.5042383818605,50.64346558956292,97.53529669289345,13.064149886288195,0.0
2024-01-17 05:00:00,44.23096344337597,88.71047030800179,100.47124057362119,16.265328318609775,0.0
2024-01-17 06:00:00,41.01585328651642,57.1397639885498,117.70536058141393,5.2420500632861255,0.0
2024-01-17 07:00:00,90.21481200157879,122.1062628349192,33.494676918661526,17.648337426160438,1.0
2024-01-17 08:00:00,75.25154214602958,113.40352832572833,66.30480229753125,37.53453463088147,1.0
2024-01-17 09:00:00,68.31458765854353,67.43522831958907,107.17810413004561,11.168842532112711,0.0
2024-01-17 10:00:00,61.79440120721287,62.256283577153646,84.68906563398906,7.3951218043709,0.0
2024-01-17 11:00:00,45.30824347895295,65.47441503699338,109.03758813015254,11.603887258367307,0.0
2024-01-17 12:00:00,32.868654709091224,96.05123377857413,71.40684481698345,2.092756782949367,0.0
2024-01-17 13:00:00,63.538723741654124,59.13571804449622,102.71399264441308,10.010126519791482,0.0
2024-01-17 14:00:00,48.85460154747382,63.016485700724516,99.16925023388848,10.983463518529256,0.0
2024-01-17 15:00:00,62.378163119734616,75.75981594011418,94.7970785681865,12.772810418613489,0.0
2024-01-17 16:00:00,58.87611095341168,132.02616604483865,17.892006579322313,35.589410429312004,1.0
2024-01-17 17:00:00,44.00624977046227,77.8054545834057,52.953773862559025,10.257061484210077,0.0
2024-01-17 18:00:00,100.03916809469499,116.55439997566765,-5.4467122063054205,24.06587853909312,1.0
2024-01-17 19:00:00,50.46980593764742,42.854926309042746,102.32112252852787,10.766151267022952,0.0
2024-01-17 20:00:00,45.49934528520756,84.50147298451644,103.99640979993501,7.313961032910928,0.0
2024-01-17 21:00:00,56.228499323474985,42.804819104719684,74.30812147685104,8.775697482519337,0.0
2024-01-17 22:00:00,39.32379570617405,64.5395319785855,131.64269602161752,7.012553815629313,0.0
2024-01-17 23:00:00,48.576205149787064,48.68586224970963,78.34562879463748,11.953408725470972,0.0
2024-01-18 00:00:00,51.20295631711899,59.03792480110511,124.23643001316842,12.575353349969996,0.0
2024-01-18 01:00:00,55.14438834058749,64.9314361545522,110.67985904679212,9.29613829012776,0.0
2024-01-18 02:00:00,57.1161487808889,64.8203582317541,83.84431725390492,10.114713984880085,0.0
2024-01-18 03:00:00,38.75357908162131,66.32881131352927,144.3827723152378,5.654225756099367,0.0
2024-01-18 04:00:00,34.65885829264378,84.20566903587971,70.159079206088,9.100970055979639,0.0
2024-01-18 05:00:00,62.77676821898509,66.8030145227097,122.97885434025004,9.849386148874766,0.0
2024-01-18 06:00:00,53.323140119795916,56.33765047064027,125.01455795107447,17.862379273089925,0.0
2024-01-18 07:00:00,42.51513463443446,74.46130752432536,83.23449477308388,6.664098922677509,0.0
2024-01-18 08:00:00,65.51151975522524,77.8420573338696,134.81163250160822,14.392531716257313,0.0
2024-01-18 09:00:00,51.156746342928585,41.58588277294511,93.74883713502618,12.990576320397423,0.0
2024-01-18 10:00:00,61.792971840638266,68.96100104774787,107.21734073199643,10.841909213470409,0.0
2024-01-18 11:00:00,50.67518481410109,70.51759113466348,106.50804596928052,15.2758614525854,0.0
2024-01-18 12:00:00,70.60747924881987,55.53654744960012,96.6422814632363,11.116316417820588,0.0
2024-01-18 13:00:00,67.55340842443204,80.6356021996743,120.27020682899456,11.167477587003786,0.0
2024-01-18 14:00:00,47.51035851520926,57.7491661945121,119.83721801380533,9.840638040947365,0.0
2024-01-18 15:00:00,59.71570950954356,61.88364680207313,56.28670066904548,13.670706647255884,0.0
2024-01-18 16:00:00,56.45375949585147,57.40392263574196,132.6085060719538,13.289407701432651,0.0
2024-01-18 17:00:00,63.68631557532349,60.23368571372201,58.437700299108144,8.122968137511362,0.0
2024-01-18 18:00:00,40.35076539419896,43.55587369657197,125.81365510854144,6.042258416203698,0.0
2024-01-18 19:00:00,56.86051459998439,38.39923676108559,128.1676284206896,9.391058087813029,0.0
2024-01-18 20:00:00,60.58424486849588,83.91757594837458,72.72583924462005,7.599884306807061,0.0
2024-01-18 21:00:00,32.41260513576886,47.29557977522508,89.72964280113538,9.809426276153935,0.0
2024-01-18 22:00:00,38.16741487334225,45.129114758155396,72.3573832878516,13.712314404052417,0.0
2024-01-18 23:00:00,29.607678222398995,27.699148295944276,94.62697424278161,8.62809503473963,0.0
2024-01-19 00:00:00,47.305931655554424,50.41557378465747,92.29914289535647,9.871529856065276,0.0
2024-01-19 01:00:00,57.17542255795962,40.153653098887524,119.4915133067335,10.174068204425186,0.0
2024-01-19 02:00:00,65.02357052096028,84.63022740204553,132.7577186529902,12.545292646615854,0.0
2024-01-19 03:00:00,50.74094780419775,75.1472563401395,134.8920952697489,3.259331998046184,0.0
2024-01-19 04:00:00,66.28615545571292,49.67774482233414,85.94579933554245,8.17989911570411,0.0
2024-01-19 05:00:00,36.198985417851084,93.78653708016463,94.7694531563868,10.633851076838418,0.0
2024-01-19 06:00:00,32.96617560644845,74.72648230487391,57.914045194476245,13.600236869280584,0.0
2024-01-19 07:00:00,49.44452301103381,55.12752924737066,79.85324833759529,8.524292657481384,0.0
2024-01-19 08:00:00,53.840654489393074,22.508914276896405,124.12129082743644,4.370341881874378,0.0
2024-01-19 09:00:00,49.67305251905907,94.36413858886112,140.3895705887058,11.859134337898409,0.0
2024-01-19 10:00:00,29.325578999601234,39.15641299854606,69.14127820300195,8.093912833523111,0.0
2024-01-19 11:00:00,49.10879960487212,35.31901879564663,85.18839352117764,6.431000022728917,0.0
2024-01-19 12:00:00,36.95530499495147,75.3385564801446,99.33985607602682,8.126963830860328,0.0
2024-01-19 13:00:00,56.69672548830039,96.59628609508908,107.00402897049017,9.446423927032452,0.0
2024-01-19 14:00:00,53.66598246096848,80.76409227765777,79.75991200195884,8.18576600638536,0.0
2024-01-19 15:00:00,73.50075856035824,105.56663654798486,47.54909979985983,17.195498490191788,1.0
2024-01-19 16:00:00,44.861330826633065,68.92131512497929,88.1540163232271,12.691198590661397,0.0
2024-01-19 17:00:00,39.40786478111048,72.80123338170462,99.63869322804302,13.824625123836167,0.0
2024-01-19 18:00:00,49.37320902726828,71.38392884680148,113.65710620009249,11.954565974018518,0.0
2024-01-19 19:00:00,59.551423205012384,64.21787135954064,100.16055674527344,6.58694298872555,0.0
2024-01-19 20:00:00,40.14273953664456,61.56301655927814,89.09035273683578,9.395525398157446,0.0
2024-01-19 21:00:00,55.040465155178445,59.06110308150716,97.25975490185422,9.980436054311626,0.0
2024-01-19 22:00:00,44.69742381627559,48.690531166999854,97.79092601986662,11.79638316868573,0.0
2024-01-19 23:00:00,42.07127167737656,55.78987384699839,90.7497242529468,12.005021466154243,0.0
2024-01-20 00:00:00,48.929696400454425,34.605647787069216,93.53009843332244,7.797478603664513,0.0
2024-01-20 01:00:00,39.64757677580626,58.52490559807875,139.9661792626179,10.245986669240681,0.0
2024-01-20 02:00:00,44.46350694652818,45.17113339273624,114.02298619853097,11.371841213845723,0.0
2024-01-20 03:00:00,38.021221074111516,43.44616024176344,92.61299204927099,14.3674669664403,0.0
2024-01-20 04:00:00,69.6472513291639,62.698412267302174,117.4238601127684,12.11351961947417,0.0
2024-01-20 05:00:00,50.35263551971729,80.880034295169,91.65451275609975,12.367170062126558,0.0
2024-01-20 06:00:00,43.00274492007414,73.7747490900347,129.32811593966602,10.251479883788083,0.0
2024-01-20 07:00:00,52.13979910734222,36.442490945652345,109.24105480495234,14.231377435610511,0.0
2024-01-20 08:00:00,48.8767195030917,45.15557795144494,97.31744639989428,11.229288387878492,0.0
2024-01-20 09:00:00,47.79030400466777,74.11156781982324,111.19292314525694,7.416736269479289,0.0
2024-01-20 10:00:00,56.14166700043425,45.26268909692536,60.72809619828752,14.210109910375571,0.0
2024-01-20 11:00:00,57.57507710047305,56.63050275004463,71.83081327725486,12.093709817617082,0.0
2024-01-20 12:00:00,44.69498852389472,68.25078148536828,70.15187484002362,8.670867936614552,0.0
2024-01-20 13:00:00,44.2418175935532,45.47483317704547,103.57357736909267,8.56152109780227,0.0
2024-01-20 14:00:00,47.24948302848356,61.580632592189396,143.3128749871273,10.889726635422285,0.0
2024-01-20 15:00:00,26.98078835264415,39.989617576226934,155.7825036548158,11.389554385802754,0.0
2024-01-20 16:00:00,56.3365205781796,89.30342573248042,63.171001451995906,38.559606128574316,1.0
2024-01-20 17:00:00,63.66874267444525,64.79672901213806,112.52111187361143,10.933926020328654,0.0
2024-01-20 18:00:00,66.44967713501283,36.105093997024966,54.97355664618153,15.099872123729142,0.0
2024-01-20 19:00:00,94.82781112086887,97.51023723574556,-11.97066406588722,31.89150791380954,1.0
2024-01-20 20:00:00,55.765569630557664,59.70543301609978,80.30540620229402,10.571906773795073,0.0
2024-01-20 21:00:00,53.112501545435364,68.28734931625722,84.47881004372209,12.823931742302449,0.0
2024-01-20 22:00:00,80.78880808455239,63.358712010969924,95.79640453538026,6.902428289417381,0.0
2024-01-20 23:00:00,61.195749114345766,80.46210644960766,88.19773555757182,11.193781149840426,0.0
2024-01-21 00:00:00,48.72082408519233,61.87836753971861,50.517504740605304,15.42791904919933,0.0
2024-01-21 01:00:00,40.44459559399574,53.558916883121206,118.69775640293835,9.34586231382288,0.0
2024-01-21 02:00:00,33.93553679742428,61.83446254548426,73.18142435650483,7.4570982141427455,0.0
2024-01-21 03:00:00,52.03463635867223,68.14947043554582,105.98117160277874,8.043733334220818,0.0
2024-01-21 04:00:00,42.436492547156966,60.732901054885566,151.85206674374933,6.7311008879728345,0.0
2024-01-21 05:00:00,35.77746290402326,60.608875368058236,77.01538521033942,7.645714275616889,0.0
2024-01-21 06:00:00,43.534271157574736,49.47012468289867,36.742811931341755,8.888475704229913,0.0
2024-01-21 07:00:00,39.18451996385605,50.05648623673578,92.84989445299723,5.783298942464074,0.0
2024-01-21 08:00:00,66.87141635072564,38.96092092300459,127.52399087496428,10.04685500184881,0.0
2024-01-21 09:00:00,58.816397569494505,86.24365114780409,148.95868635551486,12.706831521359941,0.0
2024-01-21 10:00:00,49.92027358683383,41.34205146913072,69.26126013868958,7.2767314595592385,0.0
2024-01-21 11:00:00,64.79944138890026,49.60642203306139,112.41748058091304,14.557851770925307,0.0
2024-01-21 12:00:00,50.77368307647618,49.22389101646204,88.36723858049866,11.532376265582784,0.0
2024-01-21 13:00:00,41.38715798671736,73.42386565416662,97.3512911423966,13.091741756872171,0.0
2024-01-21 14:00:00,65.23124077269657,55.57575482561958,166.10858367542588,8.02649633844359,0.0
2024-01-21 15:00:00,55.38910043684659,78.716131090106,62.42574179012117,12.563575681199847,0.0
2024-01-21 16:00:00,39.62753845673544,49.897640636341976,106.34349153736434,6.724198298814061,0.0
2024-01-21 17:00:00,48.09661321916392,64.18491243335703,111.69232929413583,12.670742502509526,0.0
2024-01-21 18:00:00,41.24381746615243,47.46979420110364,127.14465812348368,10.515518019380593,0.0
2024-01-21 19:00:00,36.172002690356635,92.17723691660083,102.44957883677239,11.659753659954351,0.0
2024-01-21 20:00:00,59.26177547531641,42.18602371455731,107.70126348760256,6.473216183125445,0.0
2024-01-21 21:00:00,69.0941664047013,64.64731065340541,90.20878581445523,7.314790473170186,0.0
2024-01-21 22:00:00,36.01432426180859,69.50665321398148,106.72817353112768,11.791684654760154,0.0
2024-01-21 23:00:00,55.62969236690571,66.20698646177247,91.42019311256473,7.154955987327398,0.0
2024-01-22 00:00:00,69.62702548270993,102.96275424667735,60.92127084083235,27.14852572981722,1.0
2024-01-22 01:00:00,70.24999706172744,88.6273540705362,-5.671786506860542,30.59710352851715,1.0
2024-01-22 02:00:00,44.07606075761131,60.657172079686646,109.42750984755466,12.544522638000004,0.0
2024-01-22 03:00:00,41.36009230320184,57.79496997557267,99.26842965787554,6.302430055694472,0.0
2024-01-22 04:00:00,50.48521627944827,74.45818675192365,128.1512562693042,11.656899813038569,0.0
2024-01-22 05:00:00,41.69049883588962,93.15784502387027,98.71515691028785,11.876892800938002,0.0
2024-01-22 06:00:00,52.704568257798385,51.637623224882496,55.674188294827964,7.909684544711276,0.0
2024-01-22 07:00:00,49.49761890550863,39.45295530631383,131.5480375178498,11.74607970125418,0.0
2024-01-22 08:00:00,47.6105195313359,58.67576927473118,77.35669247843452,10.781326790000668,0.0
2024-01-22 09:00:00,40.92436337958402,98.69564006481477,83.65584153377951,8.383474431421785,0.0
2024-01-22 10:00:00,44.23228669431667,47.944881480454036,85.1084676489127,6.974335947771376,0.0
2024-01-22 11:00:00,57.55391225825756,84.58675208166102,134.36095232927045,4.112122924982263,0.0
2024-01-22 12:00:00,55.009171876243805,85.1655122111466,46.608144650532616,11.04895014189908,0.0
2024-01-22 13:00:00,40.22444755201449,51.69617637438008,178.44371334149986,5.305591685913835,0.0
2024-01-22 14:00:00,50.99332305429226,68.53474618777913,126.4014202266513,10.286032598323924,0.0
2024-01-22 15:00:00,78.56121781340461,122.39084156980023,32.03296023149231,37.257916017475324,1.0
2024-01-22 16:00:00,33.305947188786284,54.313083885187694,98.62764998459284,12.037428326314586,0.0
2024-01-22 17:00:00,55.43360192379935,56.946294598464576,107.13885187144142,9.093863501530407,0.0
2024-01-22 18:00:00,43.37376241054153,51.274786290770344,113.02806070948346,9.011656640958726,0.0
2024-01-22 19:00:00,55.70598668593159,44.778649039607,116.13038964875142,12.195612112864886,0.0
2024-01-22 20:00:00,42.367408434574834,50.26083682400989,113.89011165008621,11.005174087252353,0.0
2024-01-22 21:00:00,31.95117899335481,41.64089599856615,102.23951703138123,10.948467871548335,0.0
2024-01-22 22:00:00,33.72457562116837,60.51125202388839,95.06653949231685,11.40780276942558,0.0
2024-01-22 23:00:00,50.48084946661382,48.450401534120374,96.21816790866221,5.393283630378683,0.0
2024-01-23 00:00:00,52.59722501721482,63.50678867686121,95.12729299118297,12.270366039960946,0.0
2024-01-23 01:00:00,40.956833748955916,36.66156530694559,128.34425242167663,11.837406382040808,0.0
2024-01-23 02:00:00,56.38592458777374,64.96320348321686,114.83891805702154,6.9499506142705085,0.0
2024-01-23 03:00:00,33.3847993773104,72.50293442413387,26.49028413339299,9.267758578977396,0.0
2024-01-23 04:00:00,49.33920201352684,30.093965361428168,116.39751941324403,9.882078137117107,0.0
2024-01-23 05:00:00,37.889838002375434,65.61084854771359,104.86840486796937,9.596509646794802,0.0
2024-01-23 06:00:00,43.48163892197841,78.41503488709938,99.53228108885257,11.001579899705604,0.0
2024-01-23 07:00:00,50.47398671316414,41.855384719631914,90.28703867277785,14.29410034549355,0.0
2024-01-23 08:00:00,41.39586634716048,85.08858580256555,128.10281799965034,13.245300183018486,0.0
2024-01-23 09:00:00,46.154444557701744,66.28528514049067,123.68816155307144,6.063342419705782,0.0
2024-01-23 10:00:00,60.0629280921444,49.424822163623865,80.67805830440977,11.866209970918145,0.0
2024-01-23 11:00:00,44.23108130476851,59.16346383513441,110.17630717811338,13.986799958606229,0.0
2024-01-23 12:00:00,58.35692112065142,68.37490368782584,75.70858163646785,11.160425562067608,0.0
2024-01-23 13:00:00,38.702931453423815,61.14008087118617,65.50954588027673,13.272941275557901,0.0
2024-01-23 14:00:00,91.832840636644,116.42524822346536,1.236387753400308,32.91596506825601,1.0
2024-01-23 15:00:00,64.41568620657901,46.1898961038095,121.55983680956896,13.071128638320944,0.0
2024-01-23 16:00:00,25.283554998727105,62.54041236054117,123.82812613440217,10.747925786925187,0.0
2024-01-23 17:00:00,86.85763901351663,70.7792382114585,44.201688924759026,25.533087291708505,1.0
2024-01-23 18:00:00,55.7707212718054,58.33160907976949,118.12739467119994,10.434663499290673,0.0
2024-01-23 19:00:00,47.96954613957007,46.44138537802815,112.90445717787397,10.071709129854867,0.0
2024-01-23 20:00:00,53.71145873371309,48.9670508611535,83.9629601194262,8.945757292858803,0.0
2024-01-23 21:00:00,81.86746884924148,128.86319152482275,43.6287285079663,28.382889223443712,1.0
2024-01-23 22:00:00,50.865897874729,76.36965180891403,120.01023813069206,7.544714002173996,0.0
2024-01-23 23:00:00,48.44322764607921,69.13707181360766,118.85728324533936,14.597103174034348,0.0
2024-01-24 00:00:00,61.67782061659807,43.61530852991132,129.7228342868661,11.499592371221114,0.0
2024-01-24 01:00:00,52.54420843301213,55.25387325457797,117.7075961800266,5.802081475594175,0.0
2024-01-24 02:00:00,53.37602662075202,78.19646549968775,108.78620518853957,11.102947878974264,0.0
2024-01-24 03:00:00,45.881230338775325,62.12575370459857,126.75375595791068,3.6999204770451275,0.0
2024-01-24 04:00:00,45.123937759275066,94.7899430997254,99.3369685187735,11.876524050493106,0.0
2024-01-24 05:00:00,45.67441812180379,65.89976759091557,77.95313371930706,12.655694448966972,0.0
2024-01-24 06:00:00,53.944521423782966,62.880736747350475,95.9233259014059,8.22293213304384,0.0
2024-01-24 07:00:00,45.79015519179737,55.363253036962476,81.37743387983878,10.370643087866746,0.0
2024-01-24 08:00:00,52.89774856896413,62.00311357173423,83.12054312564047,15.86247230125086,0.0
2024-01-24 09:00:00,70.75400798645438,57.712952454291845,96.38703323211206,8.48275988721419,0.0
2024-01-24 10:00:00,58.711247034316926,70.62163015032885,80.18950197500097,6.823277238830198,0.0
2024-01-24 11:00:00,46.73976467832159,74.35053475191876,92.30096175902399,14.444990207387796,0.0
2024-01-24 12:00:00,62.012139221639444,48.21015809238076,52.65963332615536,15.887761571592385,0.0
2024-01-24 13:00:00,45.91924626978449,40.03150569663333,105.33234268432346,10.011087015543541,0.0
2024-01-24 14:00:00,29.61875464822146,32.456919403450556,100.03013688405561,13.034389106225069,0.0
2024-01-24 15:00:00,74.95740622959784,117.65590710471255,4.4968862057869075,26.356089237706577,1.0
2024-01-24 16:00:00,31.292080789741444,43.449500907391894,116.48114171081014,7.772547302384848,0.0
2024-01-24 17:00:00,46.48486515958692,27.706641105712755,123.43925344066396,8.544082493896395,0.0
2024-01-24 18:00:00,50.184183791895514,65.82867906796446,59.811003390775646,13.692623539464204,0.0
2024-01-24 19:00:00,66.76437312275283,97.39499276149186,80.93188053584464,15.055042836125528,0.0
2024-01-24 20:00:00,53.269273737641626,59.9089363269016,80.77144125531754,11.688642580523064,0.0
2024-01-24 21:00:00,47.80899471191136,72.57736161677462,76.50242247227838,7.360556939493837,0.0
2024-01-24 22:00:00,58.294055811834895,61.22744037821347,120.73687104829371,15.961183335098323,0.0
2024-01-24 23:00:00,27.88864690992115,58.51665520213286,95.15434653067992,8.407087306564106,0.0
2024-01-25 00:00:00,73.27005617035445,128.59190407399913,40.2967059327736,29.62368494027175,1.0
2024-01-25 01:00:00,57.708651938869664,55.64588183717023,49.90344088983116,11.027013503468865,0.0
2024-01-25 02:00:00,35.214137542201584,64.01088471107855,115.88545075523066,14.662481262144322,0.0
2024-01-25 03:00:00,61.43754043206929,64.8254670929402,69.01854012866319,12.56192792965667,0.0
2024-01-25 04:00:00,53.38496407494414,49.978643195354266,101.4983157566582,11.24459650108573,0.0
2024-01-25 05:00:00,45.847120860991986,74.88063524304785,106.93442344895479,11.389865590354319,0.0
2024-01-25 06:00:00,56.32781866106285,57.37560364956887,134.01646489596627,10.130544005930398,0.0
2024-01-25 07:00:00,72.70692857804396,48.66382260760733,67.2794900220222,11.674418543555518,0.0
2024-01-25 08:00:00,51.81866255058495,68.04764765355606,24.512196104479372,2.4113197669170905,0.0
2024-01-25 09:00:00,52.48220586300336,46.52298027313444,104.59623861884238,9.110177622790605,0.0
2024-01-25 10:00:00,45.40639100459756,60.42271736053692,145.01277953777134,10.723965804750343,0.0
2024-01-25 11:00:00,41.50155630535208,59.86321505033695,130.97365882348595,6.5469577491414785,0.0
2024-01-25 12:00:00,58.303358165442454,76.28843348747367,105.24148538186564,11.15896995343468,0.0
2024-01-25 13:00:00,41.43916174091133,67.12047349319928,87.70909535919881,9.386586337041635,0.0
2024-01-25 14:00:00,82.65163346271675,101.24427115808226,60.89141131567348,41.88541051604784,1.0
2024-01-25 15:00:00,45.223425532348834,72.26649448800431,75.66134500738829,14.719059175644569,0.0
2024-01-25 16:00:00,54.78979825746392,80.8531132352597,111.90894423390549,8.602583292645512,0.0
2024-01-25 17:00:00,53.33662105286948,68.36715459527794,112.63675397916568,9.547486865299915,0.0
2024-01-25 18:00:00,60.375399442578995,60.15528929765071,126.50524768747199,9.778157303174822,0.0
2024-01-25 19:00:00,44.89983601145253,40.32245651474761,168.99150097277695,8.645021571521132,0.0
2024-01-25 20:00:00,47.30125064706629,44.02329505386941,109.81039917946917,10.58507495208438,0.0
2024-01-25 21:00:00,40.21236284217693,55.421629434679986,87.27590935731253,7.725153793337229,0.0
2024-01-25 22:00:00,45.55706739923888,50.85731696761076,99.36064219520014,6.608153995187421,0.0
2024-01-25 23:00:00,53.77300493044852,57.19543045521831,55.77310237777204,11.868133671700805,0.0
2024-01-26 00:00:00,57.56988616645352,60.849748873456605,82.63217172277355,11.888588752665433,0.0
2024-01-26 01:00:00,40.77834675822375,67.94539131535096,89.7679390471724,7.587052721020023,0.0
2024-01-26 02:00:00,58.6960592010566,58.94251832911363,86.89779005163518,12.686066292287798,0.0
2024-01-26 03:00:00,63.55637858804951,67.29752465739303,103.80887180084305,8.105266812504006,0.0
2024-01-26 04:00:00,54.13434903223701,60.9671162221518,79.43950169044498,10.759495714113944,0.0
2024-01-26 05:00:00,68.76795812558066,30.368001504691932,128.02576668311178,12.461032037837368,0.0
2024-01-26 06:00:00,42.26210800896427,45.90996909271868,100.00517662295493,9.899162305888861,0.0
2024-01-26 07:00:00,37.55345296688583,57.83868666417577,99.76749197153464,11.364222736423404,0.0
2024-01-26 08:00:00,32.212797510957216,41.85457885738339,91.80263208717706,8.450711068337284,0.0
2024-01-26 09:00:00,64.96044311489183,68.99893094994307,103.87976709647448,9.410600249715708,0.0
2024-01-26 10:00:00,56.54365656354058,82.96126248515546,120.62745661669086,9.38242170735898,0.0
2024-01-26 11:00:00,49.44415329089545,78.28142777545975,78.32174460722749,7.760264960379283,0.0
2024-01-26 12:00:00,52.799686263198204,56.79835693604688,83.54708777311859,9.469677510652653,0.0
2024-01-26 13:00:00,38.74510952701623,82.36089205274928,92.40684928058339,5.35414510340876,0.0
2024-01-26 14:00:00,74.45751979616827,62.23001185803167,66.35322691316964,8.526538758573686,0.0
2024-01-26 15:00:00,51.292211819752275,54.94371043322941,79.51855350696255,9.145373519890988,0.0
2024-01-26 16:00:00,51.09394794604893,50.7989600468859,88.09447816138352,9.23146074251386,0.0
2024-01-26 17:00:00,57.25766623898692,55.462954702678076,121.85972951781818,9.275507662387664,0.0
2024-01-26 18:00:00,54.810092317367136,54.17734772188157,106.56403322504812,9.814707400419612,0.0
2024-01-26 19:00:00,85.71000328069509,119.10189686651245,13.96935541888314,32.77042973236745,1.0
2024-01-26 20:00:00,42.09525544554688,62.40860971574797,121.27244905419931,12.623551222397568,0.0
2024-01-26 21:00:00,54.714683571359956,60.04569030230122,96.56570529001509,8.0507043194552,0.0
2024-01-26 22:00:00,68.82024496475034,66.55407254619524,109.76162124822224,6.390397433832566,0.0
2024-01-26 23:00:00,63.454200461549775,77.85969412179512,97.41945617668759,6.873866763270691,0.0
2024-01-27 00:00:00,65.93186626639397,74.24331203161985,106.63405873499072,8.538391236415219,0.0
2024-01-27 01:00:00,44.88784323568815,37.726530473251444,85.43103355971044,8.944236046550472,0.0
2024-01-27 02:00:00,40.10395179741419,21.691182976470678,39.02957104308927,7.690011801407628,0.0
2024-01-27 03:00:00,48.74213079900352,74.01479866858911,96.6430209453424,6.111650007250317,0.0
2024-01-27 04:00:00,50.557249122886944,39.49681952376868,135.5687034024985,8.631637517577435,0.0
2024-01-27 05:00:00,60.94191518470949,56.62851897160975,123.1553850560398,10.544279860341915,0.0
2024-01-27 06:00:00,33.07535370285181,42.448304609109606,124.13493711477926,11.785088397506694,0.0
2024-01-27 07:00:00,65.29550319460614,32.970293436299706,130.90326804515544,8.327730840675036,0.0
2024-01-27 08:00:00,48.419921014210104,68.12194092307182,102.21643977403593,8.761006533569699,0.0
2024-01-27 09:00:00,45.7311893005258,71.3873274045397,104.93289268513989,7.219905073458068,0.0
2024-01-27 10:00:00,60.62810611090981,109.76718787610665,-10.65928613555161,36.32530283485849,1.0
2024-01-27 11:00:00,33.451433281342304,21.134365617826354,92.09817859932376,7.454714097427557,0.0
2024-01-27 12:00:00,58.231705839619146,51.806333276212754,115.39427874427854,11.7193834397236,0.0
2024-01-27 13:00:00,50.73317967188404,65.8770600810382,130.0971109292204,4.642400524197667,0.0
2024-01-27 14:00:00,37.10039100258946,37.81632646838807,96.513843107975,8.921110982642613,0.0
2024-01-27 15:00:00,37.04921227936384,62.750398796687335,88.74526837871471,10.903322017575226,0.0
2024-01-27 16:00:00,46.64215300709872,59.77035226240507,100.01319897141494,10.551503548967514,0.0
2024-01-27 17:00:00,66.69021525289392,68.68937249401633,115.03016872322787,18.079100991941488,0.0
2024-01-27 18:00:00,47.40408648636395,61.7937055262123,63.90362959666145,11.049400073703723,0.0
2024-01-27 19:00:00,34.96857046881894,45.40396588677667,42.59547617156905,6.987836209473969,0.0
2024-01-27 20:00:00,47.54256935914056,77.94857252496737,86.23657876271041,9.71360725873278,0.0
2024-01-27 21:00:00,47.27276430252329,57.62205640459545,69.48218935214604,4.671260999600644,0.0
2024-01-27 22:00:00,23.031133570584284,59.590431907351025,87.29649505881723,9.758200752109717,0.0
2024-01-27 23:00:00,49.45705133482188,46.00098061390206,96.30549202956321,7.500831828997724,0.0
2024-01-28 00:00:00,47.69065469791322,53.35076623212734,88.66878977442467,12.746170826680485,0.0
2024-01-28 01:00:00,56.96206364813418,46.727959289596484,136.31168836176863,8.351379176213396,0.0
2024-01-28 02:00:00,68.48956094945345,57.405809101148655,108.16861911505801,9.64970225261426,0.0
2024-01-28 03:00:00,61.26565029547757,85.67562720213516,107.51185899027071,8.093326475786789,0.0
2024-01-28 04:00:00,47.31111309445169,39.421482856029655,115.55517860108505,15.216554055559994,0.0
2024-01-28 05:00:00,38.934740912583294,35.79657903184888,71.52917205548077,9.036271701646266,0.0
2024-01-28 06:00:00,75.7335980324986,82.06755491240412,125.97779468550672,15.497671130437606,0.0
2024-01-28 07:00:00,50.59218434014488,56.86014484272201,98.1058928366135,12.4424552863548,0.0
2024-01-28 08:00:00,50.13929291912946,49.963908920101254,116.7620154310303,11.446200182006159,0.0
2024-01-28 09:00:00,49.758749128899964,75.59857031094114,73.20356917399612,11.106199441952558,0.0
2024-01-28 10:00:00,51.98084760767855,50.91576690394704,61.156030849598395,11.181391894648755,0.0
2024-01-28 11:00:00,48.556395880760576,87.39014570320404,120.44724145062571,4.21698226196317,0.0
2024-01-28 12:00:00,44.26337993119763,70.16888807008904,109.41023815243791,9.163349817547731,0.0
2024-01-28 13:00:00,44.53141058759608,52.68132887781446,77.44871114106223,12.535473913552964,0.0
2024-01-28 14:00:00,49.672467297840015,92.35962319898255,78.25842296813263,9.853308449577684,0.0
2024-01-28 15:00:00,44.56575228866235,50.914276154949924,128.13586961036924,5.784430459589275,0.0
2024-01-28 16:00:00,42.871542173228356,71.13143058013961,70.26470267831681,9.842786648267591,0.0
2024-01-28 17:00:00,51.064302276918966,64.48938870609737,141.0668238313991,15.112316548766474,0.0
2024-01-28 18:00:00,47.450227825791444,79.52611934098198,77.48448163380328,13.740675146604158,0.0
2024-01-28 19:00:00,65.0399298858269,83.42266795090279,115.95979814020957,9.813987971901906,0.0
2024-01-28 20:00:00,23.490301916069882,60.4800622359865,91.78453810627539,12.854347831174259,0.0
2024-01-28 21:00:00,60.91506851922462,48.69873194480725,115.07968577705857,8.900478938895844,0.0
2024-01-28 22:00:00,62.46085192497629,66.89958214408675,86.39714994714518,4.8883852395198435,0.0
2024-01-28 23:00:00,29.266097675918505,49.834269453718406,95.93017734819264,7.226602035611337,0.0
2024-01-29 00:00:00,46.573124059196516,90.20080871289935,101.02297938489303,14.688666305524594,0.0
2024-01-29 01:00:00,46.28559134004209,62.04802996624106,74.94531360546318,9.178020754512087,0.0
2024-01-29 02:00:00,35.924883052821784,54.52017673031837,118.52060863550315,9.269848061874946,0.0
2024-01-29 03:00:00,42.22183312409125,62.77020458797362,87.16966083821038,9.100485411175358,0.0
2024-01-29 04:00:00,38.894241545341714,39.793105657054554,94.28500211649954,15.71240976871902,0.0
2024-01-29 05:00:00,67.52270443423623,45.42578942234023,75.14126563478719,14.87787674608619,0.0
2024-01-29 06:00:00,59.35678393147461,78.00620861916639,35.94165853011724,16.6563407003444,0.0
2024-01-29 07:00:00,62.71555094994159,50.14658581542906,95.22430593499577,9.522864368799846,0.0
2024-01-29 08:00:00,57.21672064043235,44.296335259770906,160.3153855403229,10.886873466241285,0.0
2024-01-29 09:00:00,38.70948228782771,68.04979128790929,119.6151071974506,5.450072351737626,0.0
2024-01-29 10:00:00,44.75479733720226,77.78556231994496,99.51849050664013,14.430803278354823,0.0
2024-01-29 11:00:00,54.89374561227918,70.784299659976,93.4277292697933,6.496661346196195,0.0
2024-01-29 12:00:00,37.778721911080545,74.94071528708724,100.56164732030116,10.650326691287887,0.0
2024-01-29 13:00:00,57.12998430172388,48.64807367145809,113.67797787938025,6.708092417101468,0.0
2024-01-29 14:00:00,47.59674601841865,38.67283999887235,70.47967961727888,8.233399519783912,0.0
2024-01-29 15:00:00,46.251791924504026,82.5200047793323,127.8580423667218,7.488212706850899,0.0
2024-01-29 16:00:00,57.10959968203491,55.15980241736796,117.88453288603111,8.176374217972546,0.0
2024-01-29 17:00:00,54.4426331148604,56.23750475317429,117.95464314269836,8.382631890553064,0.0
2024-01-29 18:00:00,46.3903383418092,79.92291212773587,110.96189347024318,8.355193615224769,0.0
2024-01-29 19:00:00,61.59329803364248,68.3434501410099,100.49041644234974,12.500001735340922,0.0
2024-01-29 20:00:00,39.189366724001026,66.83831658122412,116.8215308991705,6.68541162081244,0.0
2024-01-29 21:00:00,56.15935606944264,92.47503517351626,114.79535334353446,10.6616242810416,0.0
2024-01-29 22:00:00,55.93101257968384,50.347226544297854,91.1489822264744,13.653877456916675,0.0
2024-01-29 23:00:00,46.904535606860094,73.91760192121856,85.65995567757747,8.460410906459812,0.0
2024-01-30 00:00:00,53.26133022242118,60.855196873456265,102.54640738154967,7.846243327757195,0.0
2024-01-30 01:00:00,37.488864236146966,64.02888418294886,138.7255037873797,9.308426124459247,0.0
2024-01-30 02:00:00,59.24027019206901,82.92702639618798,69.02232310865247,13.53917562508213,0.0
2024-01-30 03:00:00,48.15097863557011,67.61753634434436,63.311868356189,10.582322892860073,0.0
2024-01-30 04:00:00,44.772769794809605,68.07444118574449,104.11902103091292,8.406357116177205,0.0
2024-01-30 05:00:00,60.49009225836889,76.08761005964703,101.27219254640045,11.451629953564119,0.0
2024-01-30 06:00:00,42.95656309457241,54.52570905685672,104.33354160926021,6.69312355049073,0.0
2024-01-30 07:00:00,35.91538703636441,47.4118549899149,106.0988299477125,12.044078531328843,0.0
2024-01-30 08:00:00,34.433708264760966,44.327862089684494,94.41994363412988,11.225821923105302,0.0
2024-01-30 09:00:00,56.06009951345639,30.504651159359973,137.24658596505205,9.076574586583348,0.0
2024-01-30 10:00:00,37.19570647503717,90.84310694910484,59.97740053808711,7.4842426046583075,0.0
2024-01-30 11:00:00,67.54794181984364,43.451874514174754,79.28757438049385,7.339957233149628,0.0
2024-01-30 12:00:00,29.18070592116278,56.68119564621342,97.41863099627382,11.60445200903773,0.0
2024-01-30 13:00:00,66.96456368290038,55.84780050166619,58.92027972114582,13.686941507467186,0.0
2024-01-30 14:00:00,52.11017467202618,64.61110046713651,95.60363988919822,8.088076758913616,0.0
2024-01-30 15:00:00,49.032868881296075,72.23605818808946,141.53675414320045,11.375160110654452,0.0
2024-01-30 16:00:00,44.550809131910505,72.90710232539618,100.52216220739905,3.7389189441937933,0.0
2024-01-30 17:00:00,53.991361143520706,51.25383842146592,105.7675226429671,8.246146808028401,0.0
2024-01-30 18:00:00,49.62365297575152,57.49317429320383,68.4958808706855,9.906823201387294,0.0
2024-01-30 19:00:00,61.03301882016521,64.2386992573245,84.59096479901307,7.270949749054499,0.0
2024-01-30 20:00:00,51.142276486620396,56.2696331072468,90.62009049190158,7.190480875631212,0.0
2024-01-30 21:00:00,51.50301761461878,84.1101836402999,92.05712258109415,7.996661330593342,0.0
2024-01-30 22:00:00,46.36387787786144,67.36462427457377,132.04109487509422,10.87657818497912,0.0
2024-01-30 23:00:00,49.43054376278933,71.02316679074727,113.94227651812811,9.438012944780876,0.0
