Timestamp,CPU_Usage,Memory_Usage,Disk_IO_Rate,Uptime_Status
2023-01-01 00:00:00,54.96714153011233,80.99033154879004,86.49643450051236,1
2023-01-01 01:00:00,48.61735698828815,73.86950524369153,97.10962658568964,0
2023-01-01 02:00:00,56.47688538100692,60.89445554880261,84.15160158000077,1
2023-01-01 03:00:00,65.23029856408026,50.295948334416394,93.8407694072192,1
2023-01-01 04:00:00,47.658466252766644,70.47334970420386,62.12770666092429,1
2023-01-01 05:00:00,47.6586304305082,65.90228078132624,104.26587414745877,1
2023-01-01 06:00:00,65.79212815507391,73.42789830041599,100.02410950724449,1
2023-01-01 07:00:00,57.67434729152909,69.52757702522955,83.65822737863618,1
2023-01-01 08:00:00,45.30525614065048,75.74329072979003,113.1849133686481,1
2023-01-01 09:00:00,55.42560043585965,51.97147182659148,118.75140275253116,1
2023-01-01 10:00:00,45.365823071875376,79.76091098451488,67.84880271262051,1
2023-01-01 11:00:00,45.34270246429743,62.96399407038599,84.74550442867572,1
2023-01-01 12:00:00,52.41962271566034,91.12891308937898,84.61715300425404,1
2023-01-01 13:00:00,30.86719755342202,49.66218272865648,81.20193797782271,1
2023-01-01 14:00:00,32.75082167486967,86.03945704747875,116.58949683863497,1
2023-01-01 15:00:00,44.37712470759027,62.96866175193972,96.12347722454393,1
2023-01-01 16:00:00,39.87168879665576,50.22872994578327,94.70970317378779,1
2023-01-01 17:00:00,53.142473325952736,52.741712489185176,59.92275271186493,1
2023-01-01 18:00:00,40.91975924478789,55.1947903770852,112.70836060418452,1
2023-01-01 19:00:00,35.87696298664709,66.36248919602875,75.21483210293056,1
2023-01-01 20:00:00,64.65648768921554,67.8425323205325,101.19865260532657,1
2023-01-01 21:00:00,47.74223699513465,51.394499940921314,105.54753875916383,1
2023-01-01 22:00:00,50.67528204687924,59.634681116085254,127.21317191677302,1
2023-01-01 23:00:00,35.75251813786544,92.13405537917795,73.82359201761776,1
2023-01-02 00:00:00,44.556172754748175,85.91314755151066,39.60975688358349,1
2023-01-02 01:00:00,51.10922589709866,66.54485504511048,103.6769908950739,1
2023-01-02 02:00:00,38.490064225776976,60.570052172523006,136.01022363021707,1
2023-01-02 03:00:00,53.75698018345672,61.80046990077392,124.77892705878875,1
2023-01-02 04:00:00,43.99361310081195,69.20276959095625,104.19318830549251,1
2023-01-02 05:00:00,47.083062502067236,44.658111522023916,90.16727628735906,1
2023-01-02 06:00:00,43.98293387770603,56.139351938649824,116.14245193274621,1
2023-01-02 07:00:00,68.52278184508938,34.97123889183616,80.52907600591062,1
2023-01-02 08:00:00,49.86502775262066,65.98834683907918,109.52715538712438,1
2023-01-02 09:00:00,39.422890710440996,69.70793909554112,110.10940318333253,1
2023-01-02 10:00:00,58.225449121031886,52.75220306550939,121.2041981499776,1
2023-01-02 11:00:00,37.791563500289776,83.6098014493505,155.19320077822155,1
2023-01-02 12:00:00,52.08863595004755,41.61351505496488,107.84831934357534,1
2023-01-02 13:00:00,30.403298761202244,38.0343767968527,89.82072748585003,1
2023-01-02 14:00:00,36.71813951101569,63.36677727839958,99.48851375616012,1
2023-01-02 15:00:00,51.96861235869123,75.70647453918232,64.61848190221764,1
2023-01-02 16:00:00,57.38466579995411,85.25891537186803,86.10573737821883,1
2023-01-02 17:00:00,51.7136828118997,53.1167360569659,91.81435123773792,1
2023-01-02 18:00:00,48.843517176117594,76.18021250146944,89.51823204130815,1
2023-01-02 19:00:00,46.98896304410711,59.422372957489394,103.04709744067443,1
2023-01-02 20:00:00,35.214780096325725,57.41059050088771,83.55160135235599,1
2023-01-02 21:00:00,42.801557916052914,73.25489906230008,122.42061334648943,1
2023-01-02 22:00:00,45.393612290402125,69.78484317620129,100.00414129836395,1
2023-01-02 23:00:00,60.57122226218915,36.35411764523626,99.8139935772277,1
2023-01-03 00:00:00,53.43618289568462,82.14810524588844,93.44210566974164,1
2023-01-03 01:00:00,32.36959844637266,80.70137031221176,103.10381367717959,1
2023-01-03 02:00:00,53.24083969394795,50.61655947735706,116.5019652933527,1
2023-01-03 03:00:00,46.149177195836835,65.93705300156114,82.65739568578199,1
2023-01-03 04:00:00,43.23077999694041,67.41045279424108,86.83767021849486,1
2023-01-03 05:00:00,56.11676288840868,63.910106487358604,93.9254794244667,1
2023-01-03 06:00:00,60.30999522495951,51.7454226923187,73.0825815305357,1
2023-01-03 07:00:00,59.31280119116199,49.92564948092922,83.61484280557005,1
2023-01-03 08:00:00,41.607824767773614,59.61668893512832,90.47558252910682,1
2023-01-03 09:00:00,46.907876241487855,77.59093528889048,117.48778361425455,1
2023-01-03 10:00:00,53.31263431403564,68.15400231891648,105.2512265800385,1
2023-01-03 11:00:00,59.75545127122359,54.44078501870841,103.8717982273509,1
2023-01-03 12:00:00,45.2082576215471,71.57548065972517,117.01795924335944,1
2023-01-03 13:00:00,48.14341023336183,17.27186069054887,97.25256423201206,1
2023-01-03 14:00:00,38.93665025993972,77.23148550558156,107.80929699857779,1
2023-01-03 15:00:00,38.037933759193294,33.904293318328506,97.93556494135008,1
2023-01-03 16:00:00,58.125258223941984,54.563385878953014,105.30724698799257,1
2023-01-03 17:00:00,63.56240028570823,43.20495158060784,88.34482684776836,1
2023-01-03 18:00:00,49.27989878419666,40.57977786418641,51.22365683447142,1
2023-01-03 19:00:00,60.03532897892024,77.41240181067779,97.31441675627391,1
2023-01-03 20:00:00,53.61636025047634,52.98448198032163,128.4549627219988,1
2023-01-03 21:00:00,43.54880245394876,65.19755822596073,118.52430804483186,1
2023-01-03 22:00:00,53.61395605508414,59.29619131681224,119.30794969182341,1
2023-01-03 23:00:00,65.38036566465969,67.15561240834683,124.72261443612436,1
2023-01-04 00:00:00,49.64173960890049,61.15232836590383,101.77315181922874,1
2023-01-04 01:00:00,65.64643655814007,40.755116637171454,103.94631414811191,1
2023-01-04 02:00:00,23.802548959102555,74.94400229170711,87.646962091313,1
2023-01-04 03:00:00,58.21902504375224,52.593651252580315,93.678542879459,1
2023-01-04 04:00:00,50.870470682381715,36.651271520103734,112.31542299542284,1
2023-01-04 05:00:00,47.009926495341325,53.578272585511314,124.07768874337633,1
2023-01-04 06:00:00,50.91760776535502,82.51139685951466,97.21107448638001,1
2023-01-04 07:00:00,30.124310853991073,72.7533261317024,90.99621470297177,1
2023-01-04 08:00:00,47.80328112162488,54.77021798388211,100.01055917713195,1
2023-01-04 09:00:00,53.57112571511746,54.76113443522357,112.0241349785823,1
2023-01-04 10:00:00,64.77894044741517,55.17547423173926,71.12290367732916,1
2023-01-04 11:00:00,44.81729781726352,91.15121975341262,54.07638093725524,1
2023-01-04 12:00:00,41.91506397106812,65.7290317834733,88.98926301016833,1
2023-01-04 13:00:00,44.982429564154636,66.45062470786604,75.58575148171683,1
2023-01-04 14:00:00,59.15402117702074,75.45425181047763,89.83719604705378,1
2023-01-04 15:00:00,53.287511096596845,63.581837385397705,97.04439362365056,1
2023-01-04 16:00:00,44.70239796232961,56.11436781268945,90.93503181953973,1
2023-01-04 17:00:00,55.13267433113356,57.05475226372533,129.0493506894149,1
2023-01-04 18:00:00,50.9707754934804,58.92598110878904,106.5348952920464,1
2023-01-04 19:00:00,59.68644990532889,59.44166645235238,106.00948719221657,1
2023-01-04 20:00:00,42.979469061226474,70.9144431545547,112.44414288086804,1
2023-01-04 21:00:00,46.723378534022316,60.77918828710949,77.22333764438461,1
2023-01-04 22:00:00,46.078918468678424,70.98960115823368,120.78223574840537,1
2023-01-04 23:00:00,35.364850518678814,58.78925129837126,98.4847142692908,1
2023-01-05 00:00:00,52.96120277064576,61.17952785474136,113.40961234482425,1
2023-01-05 01:00:00,52.610552721798896,30.026989732018386,78.56285533919689,1
2023-01-05 02:00:00,50.05113456642461,73.74491512053723,68.92482467967872,1
2023-01-05 03:00:00,47.65412866624853,65.19732713846989,116.35779316050058,1
2023-01-05 04:00:00,35.84629257949586,74.97015164789478,107.52819052195034,1
2023-01-05 05:00:00,45.79354677234641,16.556169327094658,81.9589689128498,1
2023-01-05 06:00:00,46.572854834732304,91.32562057171091,82.60673837450611,1
2023-01-05 07:00:00,41.97722730778381,57.90615557767239,122.50869568829539,1
2023-01-05 08:00:00,48.387142883339905,76.62274225106275,76.21176214265344,1
2023-01-05 09:00:00,54.040508568145384,44.401411093117034,132.85345906511927,1
2023-01-05 10:00:00,68.8618590121053,69.19160857593855,81.98758530704262,1
2023-01-05 11:00:00,51.74577812831839,44.198766552395156,112.76783851216766,1
2023-01-05 12:00:00,52.57550390722764,50.64346558956292,93.4276304850203,1
2023-01-05 13:00:00,49.25554084233833,88.71047030800179,112.06374862164687,1
2023-01-05 14:00:00,30.812287847009586,57.1397639885498,89.11771995771615,1
2023-01-05 15:00:00,49.73486124550783,63.26149309769584,96.74414187855412,1
2023-01-05 16:00:00,50.60230209941027,73.05101596033131,100.81838350791442,1
2023-01-05 17:00:00,74.63242112485287,67.43522831958907,79.95625088437055,1
2023-01-05 18:00:00,48.076390352188774,62.256283577153646,114.81648690840251,1
2023-01-05 19:00:00,53.015473423336125,65.47441503699338,89.73572867056829,1
2023-01-05 20:00:00,49.65288230294757,96.05123377857413,95.42800169319963,1
2023-01-05 21:00:00,38.31321962380468,59.13571804449622,80.11301250782975,1
2023-01-05 22:00:00,61.42822814515021,63.016485700724516,48.75332682409379,1
2023-01-05 23:00:00,57.519330326867745,75.75981594011418,96.17944474799663,1
2023-01-06 00:00:00,57.910319470430466,76.58288899436975,148.2523084322583,1
2023-01-06 01:00:00,40.906125452052606,77.8054545834057,115.69208575796048,1
2023-01-06 02:00:00,64.02794310936099,69.58095333043777,99.6147924053121,0
2023-01-06 03:00:00,35.98148937207719,42.854926309042746,94.74218341583465,1
2023-01-06 04:00:00,55.868570938002705,84.50147298451644,100.44931785624092,1
2023-01-06 05:00:00,71.90455625809979,42.804819104719684,110.9423823035042,1
2023-01-06 06:00:00,40.09463674869312,64.5395319785855,76.3837436938231,1
2023-01-06 07:00:00,44.33702270397228,48.68586224970963,122.28643389337745,1
2023-01-06 08:00:00,50.99651365087641,59.03792480110511,114.30762630882488,1
2023-01-06 09:00:00,44.96524345883801,64.9314361545522,114.36371451415869,1
2023-01-06 10:00:00,34.493365689338674,64.8203582317541,108.76951477619454,1
2023-01-06 11:00:00,50.68562974806027,66.32881131352927,100.3923331538798,1
2023-01-06 12:00:00,39.37696286273895,84.20566903587971,113.4572247193364,1
2023-01-06 13:00:00,54.73592430635182,66.8030145227097,111.83628267482756,1
2023-01-06 14:00:00,40.80575765766197,56.33765047064027,92.91918578117952,1
2023-01-06 15:00:00,65.4993440501754,74.46130752432536,88.52796454206198,1
2023-01-06 16:00:00,42.16746707663763,77.8420573338696,102.03712590523973,1
2023-01-06 17:00:00,46.77938483794324,41.58588277294511,130.98040302990375,1
2023-01-06 18:00:00,58.135172173696695,68.96100104774787,75.21785848692198,1
2023-01-06 19:00:00,37.69135683566045,70.51759113466348,70.64949468495121,1
2023-01-06 20:00:00,52.27459934604129,55.53654744960012,103.29521682473033,1
2023-01-06 21:00:00,63.07142754282428,80.6356021996743,101.01775403712035,1
2023-01-06 22:00:00,33.92516765438772,57.7491661945121,103.46683328740816,1
2023-01-06 23:00:00,51.84633858532304,61.88364680207313,104.87906395817001,1
2023-01-07 00:00:00,52.598827942484235,57.40392263574196,95.5359549073039,1
2023-01-07 01:00:00,57.8182287177731,60.23368571372201,129.79726877204163,1
2023-01-07 02:00:00,37.63049289121918,43.55587369657197,67.98192043046969,1
2023-01-07 03:00:00,36.795433869157236,38.39923676108559,83.43005950439508,1
2023-01-07 04:00:00,55.21941565616898,83.91757594837458,97.93490479701906,1
2023-01-07 05:00:00,52.96984673233186,47.29557977522508,67.13622377691665,1
2023-01-07 06:00:00,52.504928503458764,45.129114758155396,96.48291191135857,1
2023-01-07 07:00:00,53.46448209496975,27.699148295944276,133.22940331456036,1
2023-01-07 08:00:00,43.19975278421509,50.41557378465747,100.41772976591923,1
2023-01-07 09:00:00,52.322536971610035,40.153653098887524,104.61401811437366,1
2023-01-07 10:00:00,52.93072473298681,84.63022740204553,74.7967046965484,1
2023-01-07 11:00:00,42.85648581973632,75.1472563401395,87.67277183921045,1
2023-01-07 12:00:00,68.65774511144757,49.67774482233414,92.49607239352126,1
2023-01-07 13:00:00,54.73832920911788,93.78653708016463,93.64569806487532,1
2023-01-07 14:00:00,38.08696502797351,74.72648230487391,125.63287590007538,1
2023-01-07 15:00:00,56.5655360863383,55.12752924737066,111.15382121450249,1
2023-01-07 16:00:00,40.253183297726785,22.508914276896405,77.77084086125936,1
2023-01-07 17:00:00,57.87084603742452,94.36413858886112,104.9300955686401,1
2023-01-07 18:00:00,61.58595579007404,39.15641299854606,109.9644349699357,1
2023-01-07 19:00:00,41.7931768164829,35.31901879564663,122.80298077042534,1
2023-01-07 20:00:00,59.63376129244322,75.3385564801446,131.61081373136747,1
2023-01-07 21:00:00,54.12780926936498,96.59628609508908,79.69811616344262,1
2023-01-07 22:00:00,58.2206015999449,80.76409227765777,83.78284977579324,1
2023-01-07 23:00:00,68.96792982653947,68.4586368007854,74.84844282170768,1
2023-01-08 00:00:00,47.54611883997129,68.92131512497929,95.31960281786037,1
2023-01-08 01:00:00,42.4626383564251,72.80123338170462,109.32716748892669,1
2023-01-08 02:00:00,41.10485570374477,71.38392884680148,119.74669033178203,1
2023-01-08 03:00:00,41.841897150345616,64.21787135954064,98.48097952714954,1
2023-01-08 04:00:00,49.228982905858956,61.56301655927814,93.60304953490312,1
2023-01-08 05:00:00,53.41151974816644,59.06110308150716,103.03515984497481,1
2023-01-08 06:00:00,52.766907993300194,48.690531166999854,83.29714196739954,1
2023-01-08 07:00:00,58.27183249036024,55.78987384699839,141.79077443389548,1
2023-01-08 08:00:00,50.13001891877907,34.605647787069216,67.84677945763883,1
2023-01-08 09:00:00,64.53534077157317,58.52490559807875,103.69481157791449,1
2023-01-08 10:00:00,47.35343166762044,45.17113339273624,140.4721243845928,1
2023-01-08 11:00:00,77.20169166589619,43.44616024176344,100.13599689119995,1
2023-01-08 12:00:00,56.25667347765006,62.698412267302174,96.19921929997011,1
2023-01-08 13:00:00,41.42842443583717,80.880034295169,92.85109154379145,1
2023-01-08 14:00:00,39.29107501938888,73.7747490900347,96.39216636475184,1
2023-01-08 15:00:00,54.824724152431855,36.442490945652345,127.45696949353061,1
2023-01-08 16:00:00,47.76537214674149,45.15557795144494,55.76276177340986,1
2023-01-08 17:00:00,57.14000494092092,74.11156781982324,130.66867402592652,1
2023-01-08 18:00:00,54.73237624573545,45.26268909692536,71.5208569509971,1
2023-01-08 19:00:00,49.271710873431275,56.63050275004463,94.66695341531171,1
2023-01-08 20:00:00,41.532062819315954,68.25078148536828,91.41511159402677,1
2023-01-08 21:00:00,34.851527753141355,45.47483317704547,111.7710653954144,1
2023-01-08 22:00:00,45.53485047932979,61.580632592189396,68.03751296232505,1
2023-01-08 23:00:00,58.56398794323472,39.989617576226934,109.24345332163885,1
2023-01-09 00:00:00,52.14093744130204,50.9794853407318,140.48619246573705,1
2023-01-09 01:00:00,37.542612212880115,64.79672901213806,72.73651990814379,1
2023-01-09 02:00:00,51.73180925851182,36.105093997024966,103.79412335220792,1
2023-01-09 03:00:00,53.85317379728837,66.60712106940599,86.76035644406782,1
2023-01-09 04:00:00,41.16142563798867,59.70543301609978,108.51774412386072,1
2023-01-09 05:00:00,51.53725105945528,68.28734931625722,100.38295554831504,1
2023-01-09 06:00:00,50.58208718446,63.358712010969924,87.1702618191138,1
2023-01-09 07:00:00,38.57029702169377,80.46210644960766,109.75744569742147,1
2023-01-09 08:00:00,53.577873603482836,61.87836753971861,136.08696219573486,1
2023-01-09 09:00:00,55.60784526368234,53.558916883121206,96.18192416545402,1
2023-01-09 10:00:00,60.830512431752766,61.83446254548426,114.39515884296364,1
2023-01-09 11:00:00,60.53802052034903,68.14947043554582,74.13454084257673,1
2023-01-09 12:00:00,36.22330632042909,60.732901054885566,80.87127246363983,1
2023-01-09 13:00:00,40.62174960084877,60.608875368058236,109.44812555760754,1
2023-01-09 14:00:00,55.1503526720866,49.47012468289867,129.6823205707193,1
2023-01-09 15:00:00,55.13785950912209,50.05648623673578,107.1122669757132,1
2023-01-09 16:00:00,55.150476863060476,38.96092092300459,93.7388393895369,1
2023-01-09 17:00:00,88.52731490654722,86.24365114780409,99.98582810846708,1
2023-01-09 18:00:00,55.70890510693167,41.34205146913072,74.99184532060565,1
2023-01-09 19:00:00,61.35565640180599,49.60642203306139,112.09030652710733,1
2023-01-09 20:00:00,59.54001763493203,49.22389101646204,117.64666124646818,1
2023-01-09 21:00:00,56.51391251305798,73.42386565416662,90.9581933433384,1
2023-01-09 22:00:00,46.84730755359654,55.57575482561958,90.59915704480997,1
2023-01-09 23:00:00,57.589692204932675,78.716131090106,105.31756459304097,1
2023-01-10 00:00:00,42.27174785462428,49.897640636341976,91.2656052791881,1
2023-01-10 01:00:00,47.63181393259991,64.18491243335703,98.67734770748355,1
2023-01-10 02:00:00,45.14636452170897,47.46979420110364,141.99443578333032,1
2023-01-10 03:00:00,50.81874139386323,92.17723691660083,95.05948598508007,1
2023-01-10 04:00:00,73.14658566673509,42.18602371455731,92.83319695957556,1
2023-01-10 05:00:00,31.32734807408252,64.64731065340541,87.04916388729681,1
2023-01-10 06:00:00,56.86260190374514,69.50665321398148,114.88383942999873,1
2023-01-10 07:00:00,33.87284128810349,66.20698646177247,96.37551653563794,1
2023-01-10 08:00:00,45.280681342105666,57.220685116834375,87.01253923357149,1
2023-01-10 09:00:00,60.889505969673664,58.05268950399861,126.42608064546025,1
2023-01-10 10:00:00,50.64280019095463,60.657172079686646,128.39206009027274,1
2023-01-10 11:00:00,39.22255222070694,57.79496997557267,87.9915286852259,1
2023-01-10 12:00:00,42.84696290740032,74.45818675192365,62.66920097278768,1
2023-01-10 13:00:00,56.79597748934676,93.15784502387027,120.15027379673845,1
2023-01-10 14:00:00,42.69633368282864,51.637623224882496,86.30740348479992,1
2023-01-10 15:00:00,52.16458589581975,39.45295530631383,115.81251198325538,0
2023-01-10 16:00:00,50.45571839903814,58.67576927473118,60.59792364576329,1
2023-01-10 17:00:00,43.483996523941826,98.69564006481477,117.85194676598618,0
2023-01-10 18:00:00,71.43944089325325,47.944881480454036,75.77656141438437,1
2023-01-10 19:00:00,56.33919022318011,84.58675208166102,114.61528238133049,1
2023-01-10 20:00:00,29.74857413342393,85.1655122111466,100.28546135672869,1
2023-01-10 21:00:00,51.86454314769428,51.69617637438008,80.92121161206711,1
2023-01-10 22:00:00,43.38213535231612,68.53474618777913,91.85927374146439,1
2023-01-10 23:00:00,58.52433334796224,84.42594934692806,113.72636913913402,1
2023-01-11 00:00:00,42.07479261567299,54.313083885187694,102.11788906230468,1
2023-01-11 01:00:00,48.85263558533101,56.946294598464576,111.68825960944969,1
2023-01-11 02:00:00,55.049872789804574,51.274786290770344,139.5288116903097,1
2023-01-11 03:00:00,58.657551941701215,44.778649039607,68.71516776577897,1
2023-01-11 04:00:00,37.997035929442234,50.26083682400989,132.3442514993725,1
2023-01-11 05:00:00,46.654987641590516,41.64089599856615,102.08711875046426,1
2023-01-11 06:00:00,45.25054688839044,60.51125202388839,82.02431903353744,1
2023-01-11 07:00:00,43.46670767426288,48.450401534120374,73.39372748522021,1
2023-01-11 08:00:00,67.65454240281096,63.50678867686121,96.21759218445933,1
2023-01-11 09:00:00,54.049817109609556,36.66156530694559,118.4330022384892,1
2023-01-11 10:00:00,37.391160456649544,64.96320348321686,97.44901759244931,1
2023-01-11 11:00:00,59.17861947054776,72.50293442413387,130.22309860494695,1
2023-01-11 12:00:00,71.22156197012633,30.093965361428168,70.97648619896881,1
2023-01-11 13:00:00,60.32465260551147,65.61084854771359,99.7582210430789,1
2023-01-11 14:00:00,34.80630034045987,78.41503488709938,74.95213111173761,1
2023-01-11 15:00:00,45.15765927133749,41.855384719631914,107.27263765249936,1
2023-01-11 16:00:00,62.669111491866225,85.08858580256555,117.737747801946,1
2023-01-11 17:00:00,42.92330534381219,66.28528514049067,91.58476412637893,0
2023-01-11 18:00:00,54.43819428146229,49.424822163623865,47.91572286745732,1
2023-01-11 19:00:00,57.74634053429337,59.16346383513441,103.97896293592989,1
2023-01-11 20:00:00,40.730695284219166,68.37490368782584,108.73477103467019,1
2023-01-11 21:00:00,49.404746439382,61.14008087118617,108.08589509923395,1
2023-01-11 22:00:00,17.58732659930927,68.08133988669553,124.71564383644308,1
2023-01-11 23:00:00,39.756123586657104,46.1898961038095,78.57892640701903,1
2023-01-12 00:00:00,47.4743184860684,62.54041236054117,113.60432210900899,1
2023-01-12 01:00:00,37.52216818035151,38.79428254642529,123.8501502495595,1
2023-01-12 02:00:00,66.32411303931636,58.33160907976949,64.42824831986967,1
2023-01-12 03:00:00,35.69858622039367,46.44138537802815,106.39303651837955,1
2023-01-12 04:00:00,45.599555133030165,48.9670508611535,89.91640337984657,1
2023-01-12 05:00:00,51.30740577286091,78.54139762815656,98.36954653796708,1
2023-01-12 06:00:00,64.41273289066116,76.36965180891403,106.95352967076673,1
2023-01-12 07:00:00,35.6413784882056,69.13707181360766,90.25542871772896,1
2023-01-12 08:00:00,61.63163752154959,43.61530852991132,86.48583841676776,1
2023-01-12 09:00:00,50.10233061019587,55.25387325457797,100.6830483497605,1
2023-01-12 10:00:00,40.18491348952049,78.19646549968775,78.25508122274394,1
2023-01-12 11:00:00,54.62103474263271,62.12575370459857,78.28349742229629,1
2023-01-12 12:00:00,51.9905969557347,94.7899430997254,113.58746565913006,1
2023-01-12 13:00:00,43.99783122841205,65.89976759091557,77.02411929682688,1
2023-01-12 14:00:00,50.69802084990019,62.880736747350475,113.32625001818424,1
2023-01-12 15:00:00,46.1468640313824,55.363253036962476,109.25182585707903,1
2023-01-12 16:00:00,51.13517345251248,62.00311357173423,65.48386542418807,1
2023-01-12 17:00:00,56.62130674521047,57.712952454291845,86.4487069532869,1
2023-01-12 18:00:00,65.86016816145352,70.62163015032885,123.88218806094744,1
2023-01-12 19:00:00,37.62184501173151,74.35053475191876,80.37668937720636,1
2023-01-12 20:00:00,71.33033374656267,48.21015809238076,90.71191475381225,1
2023-01-12 21:00:00,30.479122004774982,40.03150569663333,109.24121786503792,1
2023-01-12 22:00:00,48.482149049644164,32.456919403450556,115.66781018565192,1
2023-01-12 23:00:00,55.883172064845766,67.61986990368815,94.96922227911008,1
2023-01-13 00:00:00,52.809918677350325,43.449500907391894,88.04979610616716,1
2023-01-13 01:00:00,43.77300480179406,27.706641105712755,128.44739723397015,1
2023-01-13 02:00:00,47.918777496427246,65.82867906796446,134.7779932759516,1
2023-01-13 03:00:00,45.06999065341167,97.39499276149186,119.57716101563591,1
2023-01-13 04:00:00,44.106352430557884,59.9089363269016,101.70636285130048,1
2023-01-13 05:00:00,58.496020970210246,72.57736161677462,83.83468556718148,1
2023-01-13 06:00:00,53.57015485965047,61.22744037821347,83.39111186886869,1
2023-01-13 07:00:00,43.070904047393455,58.51665520213286,110.45028210531515,1
2023-01-13 08:00:00,58.995998754332504,73.78614724481653,108.36796441777368,1
2023-01-13 09:00:00,53.072995208766095,55.64588183717023,128.03197185892859,1
2023-01-13 10:00:00,58.1286211883896,64.01088471107855,113.00900185072278,1
2023-01-13 11:00:00,56.29628841923612,64.8254670929402,69.93839396480364,1
2023-01-13 12:00:00,41.710049890779274,49.978643195354266,121.03895235445837,1
2023-01-13 13:00:00,44.39818959803031,74.88063524304785,80.03878745371173,1
2023-01-13 14:00:00,57.472936051232615,57.37560364956887,92.32057456095296,1
2023-01-13 15:00:00,56.10370265433465,48.66382260760733,105.00400412503389,1
2023-01-13 16:00:00,49.79098406035852,68.04764765355606,139.9133497956793,1
2023-01-13 17:00:00,51.17327383308782,46.52298027313444,162.19837112010723,1
2023-01-13 18:00:00,62.77664895788425,60.42271736053692,112.13446118272365,1
2023-01-13 19:00:00,44.0842861116417,59.86321505033695,96.33606762559225,1
2023-01-13 20:00:00,55.470973811700375,76.28843348747367,110.69011296961101,1
2023-01-13 21:00:00,47.97807347566106,67.12047349319928,117.75310851747672,1
2023-01-13 22:00:00,47.8231879677278,59.624595618822845,93.58664748885617,1
2023-01-13 23:00:00,60.9877685198719,72.26649448800431,135.90422711824644,1
2023-01-14 00:00:00,58.2541634898803,80.8531132352597,104.60141518382804,1
2023-01-14 01:00:00,58.135096360006386,68.36715459527794,109.95486178182789,1
2023-01-14 02:00:00,63.05478807154329,60.15528929765071,113.31848504108923,1
2023-01-14 03:00:00,50.21003841632759,40.32245651474761,108.43173221228912,1
2023-01-14 04:00:00,56.81952971294964,44.02329505386941,116.77881000939225,1
2023-01-14 05:00:00,46.89733243406544,55.421629434679986,87.65493626906154,1
2023-01-14 06:00:00,53.24166352488442,50.85731696761076,88.83396492107939,1
2023-01-14 07:00:00,48.698569456323156,57.19543045521831,77.9969153405661,1
2023-01-14 08:00:00,50.96995964992718,60.849748873456605,108.79002461240452,1
2023-01-14 09:00:00,55.95157025436914,67.94539131535096,115.57873007024229,1
2023-01-14 10:00:00,41.81779316766527,58.94251832911363,109.15545732303772,1
2023-01-14 11:00:00,70.9238727568546,67.29752465739303,133.48984866695076,1
2023-01-14 12:00:00,39.93982618500298,60.9671162221518,99.88807962341907,1
2023-01-14 13:00:00,37.85811387212268,30.368001504691932,113.37483311185025,1
2023-01-14 14:00:00,61.581108735000676,45.90996909271868,78.16598247721372,1
2023-01-14 15:00:00,57.91662693962936,57.83868666417577,92.25800595051199,1
2023-01-14 16:00:00,56.24119817052155,41.85457885738339,113.91075515131556,1
2023-01-14 17:00:00,56.2834550926428,68.99893094994307,116.98204221486287,1
2023-01-14 18:00:00,49.87753227153085,82.96126248515546,94.12066104671635,1
2023-01-14 19:00:00,41.02745628514168,78.28142777545975,98.56801496283866,1
2023-01-14 20:00:00,50.75804558193726,56.79835693604688,69.64252506638381,1
2023-01-14 21:00:00,43.22838288487888,82.36089205274928,92.85941598386782,1
2023-01-14 22:00:00,59.75119733417751,62.23001185803167,117.80766327039572,1
2023-01-14 23:00:00,48.52942618497861,54.94371043322941,111.50410032213132,1
2023-01-15 00:00:00,41.745028032074885,50.7989600468859,110.0133144276242,1
2023-01-15 01:00:00,46.78614158347007,55.462954702678076,100.9954737436192,1
2023-01-15 02:00:00,54.12931454275624,54.17734772188157,100.14126317256353,1
2023-01-15 03:00:00,44.36275447196025,62.55624333563232,86.79357721053105,1
2023-01-15 04:00:00,41.77779604433569,62.40860971574797,113.9765684040507,1
2023-01-15 05:00:00,52.436872114919126,60.04569030230122,108.4194588877878,1
2023-01-15 06:00:00,52.44966571108723,66.55407254619524,109.84037695985599,1
2023-01-15 07:00:00,44.9305682462887,77.85969412179512,89.47930314664839,1
2023-01-15 08:00:00,45.289616943816775,74.24331203161985,56.93314160257511,1
2023-01-15 09:00:00,52.32049937357636,37.726530473251444,121.94305423507392,1
2023-01-15 10:00:00,35.51915658502676,21.691182976470678,90.42325087983191,1
2023-01-15 11:00:00,35.92536225623445,74.01479866858911,82.74448471913759,1
2023-01-15 12:00:00,42.81555778747564,39.49681952376868,113.86957823827987,1
2023-01-15 13:00:00,47.86552848288153,56.62851897160975,92.1597472016174,1
2023-01-15 14:00:00,53.10907565598005,42.448304609109606,121.19872768093244,1
2023-01-15 15:00:00,64.75356216949552,32.970293436299706,112.34011899153396,1
2023-01-15 16:00:00,58.576596232020194,68.12194092307182,113.67138646400954,1
2023-01-15 17:00:00,48.40061470036573,71.3873274045397,72.68088577598931,1
2023-01-15 18:00:00,49.80983792097311,51.35234398909921,124.23887970772802,1
2023-01-15 19:00:00,39.97470635362191,21.134365617826354,105.22501062467713,1
2023-01-15 20:00:00,49.8148686400761,51.806333276212754,92.61445721507593,1
2023-01-15 21:00:00,47.11341361079862,65.8770600810382,102.86776934684502,1
2023-01-15 22:00:00,53.227185603380896,37.81632646838807,64.4752953420336,1
2023-01-15 23:00:00,41.727690564476774,62.750398796687335,108.17305622961342,1
2023-01-16 00:00:00,55.193465142411725,59.77035226240507,79.41256983635857,1
2023-01-16 01:00:00,65.32738913002578,68.68937249401633,72.94659428312931,1
2023-01-16 02:00:00,48.91239851543143,61.7937055262123,69.55281627564219,1
2023-01-16 03:00:00,54.01711722098941,45.40396588677667,122.2537674997985,1
2023-01-16 04:00:00,56.90143991711113,77.94857252496737,87.41473212614423,1
2023-01-16 05:00:00,45.987795281141636,57.62205640459545,130.67455419833,1
2023-01-16 06:00:00,52.24092481810417,59.590431907351025,89.28397073895404,1
2023-01-16 07:00:00,50.12592400781795,46.00098061390206,65.85284084814106,1
2023-01-16 08:00:00,50.97676098548832,53.35076623212734,77.66951120102682,1
2023-01-16 09:00:00,42.26990216144534,46.727959289596484,124.71623240013878,0
2023-01-16 10:00:00,50.245101742589426,57.405809101148655,96.88203644126665,1
2023-01-16 11:00:00,54.979982912454496,85.67562720213516,89.03425407018798,1
2023-01-16 12:00:00,64.51143607795042,39.421482856029655,103.20036451705576,1
2023-01-16 13:00:00,59.59270826085207,35.79657903184888,110.0356547233509,0
2023-01-16 14:00:00,71.53182457511556,82.06755491240412,122.34797631804922,1
2023-01-16 15:00:00,42.326524371119504,56.86014484272201,128.9699845978585,1
2023-01-16 16:00:00,58.723206367206785,49.963908920101254,92.80462708421828,1
2023-01-16 17:00:00,51.83342005738352,75.59857031094114,73.47904627835923,1
2023-01-16 18:00:00,71.89802933217672,50.91576690394704,91.73069677753448,1
2023-01-16 19:00:00,41.91701714644849,87.39014570320404,105.20561013165772,1
2023-01-16 20:00:00,41.602781578192236,70.16888807008904,80.72482147578778,1
2023-01-16 21:00:00,44.00607354555978,52.68132887781446,80.85698170209915,1
2023-01-16 22:00:00,28.76104275690193,92.35962319898255,106.87575763099771,1
2023-01-16 23:00:00,44.74244978319239,50.914276154949924,99.02695296859098,1
2023-01-17 00:00:00,42.40867338446302,71.13143058013961,100.65593990823173,1
2023-01-17 01:00:00,51.50393786476208,64.48938870609737,84.83009330599862,1
2023-01-17 02:00:00,53.41755975777159,79.52611934098198,95.39198571588466,1
2023-01-17 03:00:00,68.76170839215887,83.42266795090279,81.51533711463391,1
2023-01-17 04:00:00,59.5042383818605,60.4800622359865,117.80396822249574,1
2023-01-17 05:00:00,44.23096344337597,48.69873194480725,120.70498669447505,1
2023-01-17 06:00:00,41.01585328651642,66.89958214408675,63.07624275523813,1
2023-01-17 07:00:00,54.919191715065054,49.834269453718406,81.4097827961518,1
2023-01-17 08:00:00,36.797667929793576,90.20080871289935,70.06941489819842,1
2023-01-17 09:00:00,68.31458765854353,62.04802996624106,86.99952131186204,1
2023-01-17 10:00:00,61.79440120721287,54.52017673031837,98.33124060419279,1
2023-01-17 11:00:00,45.30824347895295,62.77020458797362,71.0070956060294,1
2023-01-17 12:00:00,32.868654709091224,39.793105657054554,81.56280373749374,1
2023-01-17 13:00:00,63.538723741654124,45.42578942234023,79.92085255837003,1
2023-01-17 14:00:00,48.85460154747382,78.00620861916639,104.14534658797888,1
2023-01-17 15:00:00,62.378163119734616,50.14658581542906,101.386886740725,1
2023-01-17 16:00:00,34.05572341205633,44.296335259770906,85.56524893325494,1
2023-01-17 17:00:00,44.00624977046227,68.04979128790929,103.53641744278796,1
2023-01-17 18:00:00,50.05243699718183,77.78556231994496,89.06639830825469,1
2023-01-17 19:00:00,50.46980593764742,70.784299659976,94.56689779347893,1
2023-01-17 20:00:00,45.49934528520756,74.94071528708724,133.46904180597073,1
2023-01-17 21:00:00,56.228499323474985,48.64807367145809,126.80922103580696,1
2023-01-17 22:00:00,39.32379570617405,38.67283999887235,74.00837526144805,1
2023-01-17 23:00:00,48.576205149787064,82.5200047793323,116.5946483575835,1
2023-01-18 00:00:00,51.20295631711899,55.15980241736796,116.22793108983184,1
2023-01-18 01:00:00,55.14438834058749,56.23750475317429,77.03473422494764,1
2023-01-18 02:00:00,57.1161487808889,79.92291212773587,116.37555287509721,1
2023-01-18 03:00:00,38.75357908162131,68.3434501410099,130.75863836825107,1
2023-01-18 04:00:00,34.65885829264378,66.83831658122412,77.54910387511173,1
2023-01-18 05:00:00,62.77676821898509,92.47503517351626,81.64994357971473,1
2023-01-18 06:00:00,53.323140119795916,50.347226544297854,120.35322933687004,1
2023-01-18 07:00:00,42.51513463443446,73.91760192121856,105.42990621651296,1
2023-01-18 08:00:00,65.51151975522524,60.855196873456265,111.02952550479047,1
2023-01-18 09:00:00,51.156746342928585,64.02888418294886,106.81178432800994,1
2023-01-18 10:00:00,61.792971840638266,82.92702639618798,107.81391841856288,1
2023-01-18 11:00:00,50.67518481410109,67.61753634434436,73.47055743377834,1
2023-01-18 12:00:00,70.60747924881987,68.07444118574449,120.94635413242897,1
2023-01-18 13:00:00,67.55340842443204,76.08761005964703,123.39179984855548,1
2023-01-18 14:00:00,47.51035851520926,54.52570905685672,95.41218511863944,1
2023-01-18 15:00:00,59.71570950954356,47.4118549899149,99.13046100372276,1
2023-01-18 16:00:00,56.45375949585147,44.327862089684494,69.37784994888555,1
2023-01-18 17:00:00,63.68631557532349,30.504651159359973,110.2850951203567,1
2023-01-18 18:00:00,40.35076539419896,90.84310694910484,111.44114883428288,1
2023-01-18 19:00:00,56.86051459998439,43.451874514174754,98.75617966001379,1
2023-01-18 20:00:00,60.58424486849588,56.68119564621342,122.48706719741006,1
2023-01-18 21:00:00,32.41260513576886,55.84780050166619,93.31845538040119,1
2023-01-18 22:00:00,38.16741487334225,64.61110046713651,111.29211851787201,1
2023-01-18 23:00:00,29.607678222398995,72.23605818808946,79.6067132261577,1
2023-01-19 00:00:00,47.305931655554424,72.90710232539618,99.52895698251524,1
2023-01-19 01:00:00,57.17542255795962,51.25383842146592,96.51291484194329,1
2023-01-19 02:00:00,65.02357052096028,57.49317429320383,104.50615844081884,1
2023-01-19 03:00:00,50.74094780419775,64.2386992573245,92.60946142333283,1
2023-01-19 04:00:00,66.28615545571292,56.2696331072468,97.37054808656664,1
2023-01-19 05:00:00,36.198985417851084,84.1101836402999,116.52094342883012,1
2023-01-19 06:00:00,32.96617560644845,67.36462427457377,91.26471525523564,1
2023-01-19 07:00:00,49.44452301103381,71.02316679074727,67.86845798522641,1
2023-01-19 08:00:00,53.840654489393074,69.94321903001119,134.9916780841084,1
2023-01-19 09:00:00,49.67305251905907,77.60210786227987,127.62908157380973,1
2023-01-19 10:00:00,29.325578999601234,62.7153233805556,74.15474609788762,1
2023-01-19 11:00:00,49.10879960487212,40.5475207806623,113.79415610490389,1
2023-01-19 12:00:00,36.95530499495147,65.99531927628962,89.94050458897314,1
2023-01-19 13:00:00,56.69672548830039,50.22964659312257,105.26974430662119,1
2023-01-19 14:00:00,53.66598246096848,52.07074977375365,105.88448258026988,1
2023-01-19 15:00:00,40.60120213672645,68.7954602813264,95.31184399367356,1
2023-01-19 16:00:00,44.861330826633065,78.57424607150453,84.32468668827207,1
2023-01-19 17:00:00,39.40786478111048,60.319073651040924,86.18917895367481,1
2023-01-19 18:00:00,49.37320902726828,64.63249518898445,81.67616169037515,1
2023-01-19 19:00:00,59.551423205012384,85.53322416952857,83.36355583539111,1
2023-01-19 20:00:00,40.14273953664456,63.61129769232853,98.65643419901289,1
2023-01-19 21:00:00,55.040465155178445,99.02524671270592,85.68480021778497,1
2023-01-19 22:00:00,44.69742381627559,68.48264468447316,113.64104131425239,0
2023-01-19 23:00:00,42.07127167737656,33.58855861266274,129.74492310671855,1
2023-01-20 00:00:00,48.929696400454425,71.30012431656799,88.39893517259914,1
2023-01-20 01:00:00,39.64757677580626,65.71737577324167,104.78809001070753,1
2023-01-20 02:00:00,44.46350694652818,79.34629131124119,109.99370220605867,1
2023-01-20 03:00:00,38.021221074111516,70.09772026904938,109.4400454183855,1
2023-01-20 04:00:00,69.6472513291639,57.92316024024339,101.51910535832175,1
2023-01-20 05:00:00,50.35263551971729,41.635526455659516,114.85364836719445,1
2023-01-20 06:00:00,43.00274492007414,56.86465114070962,109.64497905361314,1
2023-01-20 07:00:00,52.13979910734222,47.2421931868605,75.24675155345405,1
2023-01-20 08:00:00,48.8767195030917,51.29214825292916,117.38312128778546,1
2023-01-20 09:00:00,47.79030400466777,68.82867606630914,117.74581674533485,1
2023-01-20 10:00:00,56.14166700043425,85.0485675652711,84.73427791642837,1
2023-01-20 11:00:00,57.57507710047305,65.92007294734472,100.75875670895203,1
2023-01-20 12:00:00,44.69498852389472,42.06175406947224,113.66657985622139,1
2023-01-20 13:00:00,44.2418175935532,66.66904002330212,95.81372360841277,1
2023-01-20 14:00:00,47.24948302848356,77.94947229968477,121.45956095532023,1
2023-01-20 15:00:00,26.98078835264415,50.85325643520927,147.2774498923872,1
2023-01-20 16:00:00,34.84808937801448,57.989742499906235,84.28027934730035,1
2023-01-20 17:00:00,63.66874267444525,60.22032292093795,72.3791079369245,1
2023-01-20 18:00:00,66.44967713501283,48.2265253037664,106.07637191209751,1
2023-01-20 19:00:00,47.50963960443622,69.72420650765788,114.43125010252287,1
2023-01-20 20:00:00,55.765569630557664,58.18577777088328,95.38267252310462,1
2023-01-20 21:00:00,53.112501545435364,66.29298665860541,129.0652132664207,1
2023-01-20 22:00:00,80.78880808455239,46.6876173329685,73.22788400553503,1
2023-01-20 23:00:00,61.195749114345766,53.438125495148846,113.85837246063222,1
2023-01-21 00:00:00,48.72082408519233,70.83572036741657,87.88278358482214,1
2023-01-21 01:00:00,40.44459559399574,54.4075027186235,134.38755812414593,1
2023-01-21 02:00:00,33.93553679742428,85.90445776850108,139.85030706336238,1
2023-01-21 03:00:00,52.03463635867223,54.005457215780964,84.66686824433305,1
2023-01-21 04:00:00,42.436492547156966,63.37027088627829,89.0088572818284,1
2023-01-21 05:00:00,35.77746290402326,73.98886247809635,117.19175773959604,1
2023-01-21 06:00:00,43.534271157574736,38.724514006004526,92.2573870042097,1
2023-01-21 07:00:00,39.18451996385605,33.587867820288366,99.09177564135524,1
2023-01-21 08:00:00,66.87141635072564,37.11515528144858,100.5077684108482,1
2023-01-21 09:00:00,58.816397569494505,78.93876155140774,61.606536876046874,1
2023-01-21 10:00:00,49.92027358683383,51.7221278116133,99.72324507811526,1
2023-01-21 11:00:00,64.79944138890026,98.37298928502378,86.20544451871652,1
2023-01-21 12:00:00,50.77368307647618,51.53628602013917,90.13754355200456,1
2023-01-21 13:00:00,41.38715798671736,62.768269547955555,128.87264006937627,1
2023-01-21 14:00:00,65.23124077269657,83.13164928851813,74.86986211441487,1
2023-01-21 15:00:00,55.38910043684659,90.09139332238684,116.26410373495955,1
2023-01-21 16:00:00,39.62753845673544,90.92255364954596,94.42074139336383,1
2023-01-21 17:00:00,48.09661321916392,78.12549345889714,94.40479663008331,1
2023-01-21 18:00:00,41.24381746615243,75.36093788717193,115.80743792103422,1
2023-01-21 19:00:00,36.172002690356635,68.88790423801774,106.8010258913778,1
2023-01-21 20:00:00,59.26177547531641,71.67541614249957,111.41225994439063,1
2023-01-21 21:00:00,69.0941664047013,51.732214255071995,119.36369321065722,1
2023-01-21 22:00:00,36.01432426180859,47.72701674866539,93.37383233633355,1
2023-01-21 23:00:00,55.62969236690571,59.94938313883572,87.75526530984499,1
2023-01-22 00:00:00,43.49357430878173,57.447230662126074,78.29698946884403,1
2023-01-22 01:00:00,45.12874616235304,53.201579260090874,83.4917894004209,1
2023-01-22 02:00:00,44.07606075761131,70.44581171185072,158.9818885061745,1
2023-01-22 03:00:00,41.36009230320184,74.32957812855766,124.89359161473573,1
2023-01-22 04:00:00,50.48521627944827,61.32610329437771,72.97851267583957,1
2023-01-22 05:00:00,41.69049883588962,82.16295121582893,73.5508408651286,1
2023-01-22 06:00:00,52.704568257798385,42.87466328799742,109.63732123436984,1
2023-01-22 07:00:00,49.49761890550863,57.095108110804226,110.94529594755934,1
2023-01-22 08:00:00,47.6105195313359,49.247665190957925,110.9776767063473,1
2023-01-22 09:00:00,40.92436337958402,32.0019507439041,94.90088412892604,1
2023-01-22 10:00:00,44.23228669431667,58.75978971235951,97.49091479994199,1
2023-01-22 11:00:00,57.55391225825756,58.17378737425075,106.55759048318714,1
2023-01-22 12:00:00,55.009171876243805,82.70174614863197,101.71786012586661,1
2023-01-22 13:00:00,40.22444755201449,69.46217526832166,55.6139925450493,1
2023-01-22 14:00:00,50.99332305429226,44.63719763506192,95.40400738849613,1
2023-01-22 15:00:00,57.51387123371789,87.81138849501282,82.97187131479373,1
2023-01-22 16:00:00,33.305947188786284,78.31550543288029,103.50422837817024,1
2023-01-22 17:00:00,55.43360192379935,68.73146555202923,159.70518005206821,1
2023-01-22 18:00:00,43.37376241054153,56.60273851725252,107.34963330948608,1
2023-01-22 19:00:00,55.70598668593159,45.6084114491478,93.72940627655204,1
2023-01-22 20:00:00,42.367408434574834,54.416898358934205,118.43603003954505,1
2023-01-22 21:00:00,31.95117899335481,76.33122929556279,109.65375774418425,0
2023-01-22 22:00:00,33.72457562116837,88.26879458901914,108.40188980903683,1
2023-01-22 23:00:00,50.48084946661382,83.14865292408284,112.13701186431342,1
2023-01-23 00:00:00,52.59722501721482,52.667258673205886,141.13087129659084,1
2023-01-23 01:00:00,40.956833748955916,43.205738500664836,77.38223129348168,1
2023-01-23 02:00:00,56.38592458777374,62.113293703668056,109.47264153622909,1
2023-01-23 03:00:00,33.3847993773104,33.473409516557226,81.47237740036923,1
2023-01-23 04:00:00,49.33920201352684,64.84751571277172,111.11025292684496,1
2023-01-23 05:00:00,37.889838002375434,57.78596120551997,81.62626977027811,1
2023-01-23 06:00:00,43.48163892197841,53.00945247197637,91.65266372789831,1
2023-01-23 07:00:00,50.47398671316414,36.07945399099807,94.09820171524187,1
2023-01-23 08:00:00,41.39586634716048,67.70400159854574,119.51633438689419,1
2023-01-23 09:00:00,46.154444557701744,52.009487405071326,118.36908887884827,1
2023-01-23 10:00:00,60.0629280921444,42.451247464345684,75.08565247107231,1
2023-01-23 11:00:00,44.23108130476851,16.916066800775262,101.09868221999697,1
2023-01-23 12:00:00,58.35692112065142,59.58727642424046,85.80840290501655,1
2023-01-23 13:00:00,38.702931453423815,86.58377395004617,74.82990178649331,1
2023-01-23 14:00:00,55.298041779152825,84.91888821821806,95.65965899151259,1
2023-01-23 15:00:00,64.41568620657901,53.14355615120592,93.83034423088361,1
2023-01-23 16:00:00,25.283554998727105,50.966819094573296,148.53432972691044,1
2023-01-23 17:00:00,42.03104744529523,67.03161384112536,108.65919650721392,1
2023-01-23 18:00:00,55.7707212718054,45.02421841217563,72.44764998491526,1
2023-01-23 19:00:00,47.96954613957007,64.52687849729199,88.70451991658115,1
2023-01-23 20:00:00,53.71145873371309,71.49120417577035,120.42766590858797,1
2023-01-23 21:00:00,43.960148132841795,78.40399835826462,141.7688554573985,1
2023-01-23 22:00:00,50.865897874729,58.49768885280071,68.28033375524083,1
2023-01-23 23:00:00,48.44322764607921,56.94489374734551,62.4015122972191,1
2023-01-24 00:00:00,61.67782061659807,46.830261198651584,137.41930350743564,1
2023-01-24 01:00:00,52.54420843301213,47.5967946894021,107.79228354741808,1
2023-01-24 02:00:00,53.37602662075202,56.602816621477096,82.63414536247268,1
2023-01-24 03:00:00,45.881230338775325,65.51048260224267,110.69258172244871,1
2023-01-24 04:00:00,45.123937759275066,73.70376939349875,47.28504521966244,1
2023-01-24 05:00:00,45.67441812180379,47.95231573979483,100.06751013194322,1
2023-01-24 06:00:00,53.944521423782966,82.39032853439282,106.55642345686171,1
2023-01-24 07:00:00,45.79015519179737,55.93314598436147,118.4854027907566,1
2023-01-24 08:00:00,52.89774856896413,59.67949058477346,79.72208095414925,1
2023-01-24 09:00:00,70.75400798645438,48.79182481278265,101.71374322806719,1
2023-01-24 10:00:00,58.711247034316926,23.636396095905873,81.49150747880824,1
2023-01-24 11:00:00,46.73976467832159,73.26068094541574,105.10767511348634,1
2023-01-24 12:00:00,62.012139221639444,71.0526584563865,82.09307355273953,1
2023-01-24 13:00:00,45.91924626978449,55.780086643226795,91.83798321679559,1
2023-01-24 14:00:00,29.61875464822146,61.00486075837308,80.08369210419542,1
2023-01-24 15:00:00,39.91913689082596,67.73908826556149,113.02272483647315,1
2023-01-24 16:00:00,31.292080789741444,36.56181214670186,117.16902233313331,1
2023-01-24 17:00:00,46.48486515958692,52.06420983980558,95.30758860085173,1
2023-01-24 18:00:00,50.184183791895514,71.9139701943274,100.76475989920057,1
2023-01-24 19:00:00,66.76437312275283,41.18565865246126,71.02817170732912,1
2023-01-24 20:00:00,53.269273737641626,64.40336898249944,94.00646703986426,1
2023-01-24 21:00:00,47.80899471191136,39.65127293064893,98.9959076591651,1
2023-01-24 22:00:00,58.294055811834895,66.9964497365029,152.4158618205995,1
2023-01-24 23:00:00,27.88864690992115,59.465377765537745,77.76065948451674,1
2023-01-25 00:00:00,52.356145581085656,35.77302276141736,129.28354477504874,1
2023-01-25 01:00:00,57.708651938869664,77.47109031685757,119.93717546931616,1
2023-01-25 02:00:00,35.214137542201584,48.981126348029264,105.61272808980273,1
2023-01-25 03:00:00,61.43754043206929,47.84621344478428,135.17240968390269,1
2023-01-25 04:00:00,53.38496407494414,63.008537958464146,107.44210945213726,1
2023-01-25 05:00:00,45.847120860991986,77.22956024143073,107.78318391335857,1
2023-01-25 06:00:00,56.32781866106285,44.762672715324044,98.9375869396491,1
2023-01-25 07:00:00,72.70692857804396,60.92519774771957,124.47137764837255,1
2023-01-25 08:00:00,51.81866255058495,66.4322475049586,121.92938467621767,1
2023-01-25 09:00:00,52.48220586300336,70.39658410894717,87.48645425007575,1
2023-01-25 10:00:00,45.40639100459756,62.64662332915838,73.61505610802465,1
2023-01-25 11:00:00,41.50155630535208,54.494582413750166,95.94038725208686,1
2023-01-25 12:00:00,58.303358165442454,47.5861466902692,83.99922871204707,1
2023-01-25 13:00:00,41.43916174091133,61.292158245695624,98.7295085076929,1
2023-01-25 14:00:00,50.715662372193925,43.9179148202159,124.74876269368278,1
2023-01-25 15:00:00,45.223425532348834,16.17974274758089,90.8539668982642,1
2023-01-25 16:00:00,54.78979825746392,66.54839706236501,99.14353237376851,1
2023-01-25 17:00:00,53.33662105286948,73.55902261629294,101.1604546961679,1
2023-01-25 18:00:00,60.375399442578995,24.55601346687242,116.96861764410569,1
2023-01-25 19:00:00,44.89983601145253,44.854039429350934,55.0622133203079,1
2023-01-25 20:00:00,47.30125064706629,69.28731391507796,87.86599410469407,1
2023-01-25 21:00:00,40.21236284217693,90.86243204567548,104.22567384558945,1
2023-01-25 22:00:00,45.55706739923888,60.31190561513112,124.00157912853723,1
2023-01-25 23:00:00,53.77300493044852,49.07995588156298,90.1619510498759,1
2023-01-26 00:00:00,57.56988616645352,57.256553383427395,62.46894587916252,1
2023-01-26 01:00:00,40.77834675822375,80.62314628722277,112.39422891932273,1
2023-01-26 02:00:00,58.6960592010566,50.310537313131974,87.29275222348741,0
2023-01-26 03:00:00,63.55637858804951,48.0121199002462,76.20666681819277,1
2023-01-26 04:00:00,54.13434903223701,52.758847167269515,87.51309220573552,1
2023-01-26 05:00:00,68.76795812558066,45.70007087611931,96.309492846883,1
2023-01-26 06:00:00,42.26210800896427,61.84005473992193,87.90510670923575,1
2023-01-26 07:00:00,37.55345296688583,84.3701768770434,55.888678858018615,1
2023-01-26 08:00:00,32.212797510957216,64.84618909674043,117.94132393774265,1
2023-01-26 09:00:00,64.96044311489183,56.21469746810568,125.49750082557445,1
2023-01-26 10:00:00,56.54365656354058,55.62283096626684,113.03043982679011,1
2023-01-26 11:00:00,49.44415329089545,36.552137869550144,77.24628659150366,1
2023-01-26 12:00:00,52.799686263198204,73.24664665720738,95.97016932104964,1
2023-01-26 13:00:00,38.74510952701623,58.83244204480797,99.86957369541084,1
2023-01-26 14:00:00,74.45751979616827,57.29280129614062,111.97588779123821,1
2023-01-26 15:00:00,51.292211819752275,100.0,113.36680977436161,1
2023-01-26 16:00:00,51.09394794604893,64.48129362548529,85.31652402443008,1
2023-01-26 17:00:00,57.25766623898692,48.72313424857224,101.63991112827121,1
2023-01-26 18:00:00,54.810092317367136,53.60463605691685,109.14560809230483,1
2023-01-26 19:00:00,52.23884024279131,77.22668563795132,129.11644644293534,1
2023-01-26 20:00:00,42.09525544554688,61.69905615806647,114.09013079649446,1
2023-01-26 21:00:00,54.714683571359956,38.4258303252395,115.78113374751038,1
2023-01-26 22:00:00,68.82024496475034,73.78843401862805,101.67653255858721,1
2023-01-26 23:00:00,63.454200461549775,49.97783871691509,128.20918290407008,1
2023-01-27 00:00:00,65.93186626639397,88.09946664326318,108.19525591918995,1
2023-01-27 01:00:00,44.88784323568815,76.20072098571973,82.77824179652859,1
2023-01-27 02:00:00,40.10395179741419,53.29017156511873,128.0673994025038,1
2023-01-27 03:00:00,48.74213079900352,79.2152454260267,113.95806545078055,1
2023-01-27 04:00:00,50.557249122886944,61.01783265791105,91.13911957743035,1
2023-01-27 05:00:00,60.94191518470949,72.79160512683329,90.41014065201513,1
2023-01-27 06:00:00,33.07535370285181,67.27099225941713,105.93151090281523,1
2023-01-27 07:00:00,65.29550319460614,47.3046501751369,109.2636959053517,1
2023-01-27 08:00:00,48.419921014210104,50.346752515238066,103.94584531262413,1
2023-01-27 09:00:00,45.7311893005258,75.44941226371742,106.2261734688577,1
2023-01-27 10:00:00,39.87895624739832,54.97837001840189,133.9991474915276,1
2023-01-27 11:00:00,33.451433281342304,53.94527305137005,121.43086304469772,1
2023-01-27 12:00:00,58.231705839619146,45.673161309759706,103.81271182530048,0
2023-01-27 13:00:00,50.73317967188404,66.35398598390192,118.82621161534966,1
2023-01-27 14:00:00,37.10039100258946,90.93787378864718,79.34952192944921,1
2023-01-27 15:00:00,37.04921227936384,43.9870062861859,107.95854099893617,1
2023-01-27 16:00:00,46.64215300709872,60.36329185009137,136.1861269946622,1
2023-01-27 17:00:00,66.69021525289392,81.18330833123144,95.63908209215252,1
2023-01-27 18:00:00,47.40408648636395,58.805379131314275,83.0473214276183,1
2023-01-27 19:00:00,34.96857046881894,66.78557694374601,86.9582222281388,1
2023-01-27 20:00:00,47.54256935914056,44.0640970777968,78.20733925315224,1
2023-01-27 21:00:00,47.27276430252329,66.42460645811472,84.30476183744594,1
2023-01-27 22:00:00,23.031133570584284,57.192836024931765,92.58983802819942,1
2023-01-27 23:00:00,49.45705133482188,74.78594993519795,71.88865961642716,1
2023-01-28 00:00:00,47.69065469791322,77.81079077347127,100.31236667899206,1
2023-01-28 01:00:00,56.96206364813418,98.84345463027921,118.04554347573294,1
2023-01-28 02:00:00,68.48956094945345,68.69449759820364,81.8448763970616,1
2023-01-28 03:00:00,61.26565029547757,64.8869447487325,130.38567847283537,1
2023-01-28 04:00:00,47.31111309445169,62.91576452366004,110.21584177055189,1
2023-01-28 05:00:00,38.934740912583294,54.702505607839676,120.61161171248115,1
2023-01-28 06:00:00,75.7335980324986,65.07725765192536,86.84330892295726,1
2023-01-28 07:00:00,50.59218434014488,55.56897884791456,117.09050454133231,1
2023-01-28 08:00:00,50.13929291912946,62.52691464404421,78.16132199209375,1
2023-01-28 09:00:00,49.758749128899964,79.7639630341194,117.80495001673017,1
2023-01-28 10:00:00,51.98084760767855,44.90186152080538,103.43678679587063,1
2023-01-28 11:00:00,48.556395880760576,77.09817841693568,111.06502439969567,1
2023-01-28 12:00:00,44.26337993119763,79.75672601009798,76.48810788750296,0
2023-01-28 13:00:00,44.53141058759608,58.22897209513382,82.09860315446791,1
2023-01-28 14:00:00,49.672467297840015,28.172176514871083,111.94456436506769,1
2023-01-28 15:00:00,44.56575228866235,50.882670193583515,81.03303991551599,1
2023-01-28 16:00:00,42.871542173228356,79.45491819841664,109.26412584198246,1
2023-01-28 17:00:00,51.064302276918966,59.656979065516765,72.65724387079509,1
2023-01-28 18:00:00,47.450227825791444,45.01046651557634,116.96348425333336,1
2023-01-28 19:00:00,65.0399298858269,52.42837618157674,75.34953370462982,1
2023-01-28 20:00:00,23.490301916069882,72.60930039756829,111.04599875359047,1
2023-01-28 21:00:00,60.91506851922462,68.20100352302069,112.51261867292001,0
2023-01-28 22:00:00,62.46085192497629,56.416018512454585,86.0645636314085,1
2023-01-28 23:00:00,29.266097675918505,54.49763382277969,111.64053134169454,1
2023-01-29 00:00:00,46.573124059196516,54.12362776434267,105.20884526667112,1
2023-01-29 01:00:00,46.28559134004209,46.163847232522464,89.22316287614524,1
2023-01-29 02:00:00,35.924883052821784,84.23063534204162,79.82890631847584,1
2023-01-29 03:00:00,42.22183312409125,55.1651929618299,60.74748616654842,1
2023-01-29 04:00:00,38.894241545341714,78.25737781238244,106.99300094599387,1
2023-01-29 05:00:00,67.52270443423623,82.81974077883677,68.7039445727589,1
2023-01-29 06:00:00,59.35678393147461,74.9746634722194,101.90688398882617,1
2023-01-29 07:00:00,62.71555094994159,53.52569530922928,94.73103567835501,1
2023-01-29 08:00:00,57.21672064043235,66.05595135504915,113.58285550876391,1
2023-01-29 09:00:00,38.70948228782771,59.63706590413626,93.95909001020271,1
2023-01-29 10:00:00,44.75479733720226,46.44447208904808,93.41104427305817,1
2023-01-29 11:00:00,54.89374561227918,64.86538922582405,114.63741408576591,1
2023-01-29 12:00:00,37.778721911080545,42.31440313260296,106.70116058168234,1
2023-01-29 13:00:00,57.12998430172388,77.81519082692346,106.32311914365556,1
2023-01-29 14:00:00,47.59674601841865,53.03074054052411,109.38535179617053,1
2023-01-29 15:00:00,46.251791924504026,63.01739483809259,69.28855753585788,1
2023-01-29 16:00:00,57.10959968203491,64.24931807319213,115.13577359973964,1
2023-01-29 17:00:00,54.4426331148604,56.11642539443884,112.24937588027204,1
2023-01-29 18:00:00,46.3903383418092,68.80040702212912,79.66633742847006,1
2023-01-29 19:00:00,61.59329803364248,52.876445150662136,95.11839052651598,1
2023-01-29 20:00:00,39.189366724001026,73.06945946185866,99.21385424744737,1
2023-01-29 21:00:00,56.15935606944264,39.81030479629877,97.31006431196535,1
2023-01-29 22:00:00,55.93101257968384,61.89569369319618,106.67719933137069,1
2023-01-29 23:00:00,46.904535606860094,89.08393498587427,128.62733563662368,1
2023-01-30 00:00:00,53.26133022242118,44.995030130916376,121.63533455345657,1
2023-01-30 01:00:00,37.488864236146966,49.83382544212723,73.75561613137188,1
2023-01-30 02:00:00,59.24027019206901,67.70861774488372,112.44139980612097,1
2023-01-30 03:00:00,48.15097863557011,62.69372672909397,126.5786663907082,1
2023-01-30 04:00:00,44.772769794809605,65.25945148910338,107.73617041378405,1
2023-01-30 05:00:00,60.49009225836889,67.33780695221495,121.81960850371934,1
2023-01-30 06:00:00,42.95656309457241,69.52082202842655,140.2454089140153,1
2023-01-30 07:00:00,35.91538703636441,76.64549762934334,120.47419092213963,1
2023-01-30 08:00:00,34.433708264760966,66.14727985392769,104.98617191283458,1
2023-01-30 09:00:00,56.06009951345639,56.38113518072186,120.90176948169507,1
2023-01-30 10:00:00,37.19570647503717,70.08860551804096,102.89775666193782,1
2023-01-30 11:00:00,67.54794181984364,88.49822902342824,100.4780608656991,1
2023-01-30 12:00:00,29.18070592116278,58.010493804261394,92.97171528572535,1
2023-01-30 13:00:00,66.96456368290038,45.38206042994038,131.26826717664215,1
2023-01-30 14:00:00,52.11017467202618,76.60621003930459,83.63142668115998,1
2023-01-30 15:00:00,49.032868881296075,58.19428254069603,130.64735449356232,1
2023-01-30 16:00:00,44.550809131910505,27.409956809789456,109.99728247480743,1
2023-01-30 17:00:00,53.991361143520706,72.71132515725633,72.01387650396117,1
2023-01-30 18:00:00,49.62365297575152,51.97007721069116,107.35298585982844,1
2023-01-30 19:00:00,61.03301882016521,58.64200076543759,57.99946984696752,1
2023-01-30 20:00:00,51.142276486620396,64.97970495853522,112.51016033662071,1
2023-01-30 21:00:00,51.50301761461878,62.857495196685996,117.70462965977981,1
2023-01-30 22:00:00,46.36387787786144,70.6417772570856,88.15288088695893,1
2023-01-30 23:00:00,49.43054376278933,53.46770444145235,102.47095391911165,1
2023-01-31 00:00:00,53.07801768892059,67.69658697264124,139.08314867500573,1
2023-01-31 01:00:00,32.89831607343375,56.106799836241244,89.88506591476127,1
2023-01-31 02:00:00,36.518145778942866,71.08215721331254,78.82184825886799,1
2023-01-31 03:00:00,57.43264094022715,69.23051226019581,129.63326804925197,1
2023-01-31 04:00:00,51.708654381279416,45.96841946933107,139.2517438106159,1
2023-01-31 05:00:00,48.16016663647321,76.28973174262549,100.07391343695694,1
2023-01-31 06:00:00,50.184339330653934,51.96054832328928,120.22926070816712,1
2023-01-31 07:00:00,53.47581705361671,72.12086697421718,126.82951831061763,1
2023-01-31 08:00:00,44.60240319690639,65.50930970102011,85.15031534923232,1
2023-01-31 09:00:00,42.216952745976876,87.57275515192684,90.29388329264263,1
2023-01-31 10:00:00,51.958452550976816,56.64801026442222,124.6174902630947,1
2023-01-31 11:00:00,40.21627222384968,54.760248058227035,133.70028557417018,1
2023-01-31 12:00:00,54.082527557144715,59.708705911684014,111.2576172034871,1
2023-01-31 13:00:00,32.9741639576216,55.452303257485866,82.40371292995891,1
2023-01-31 14:00:00,60.29155637325644,71.99912852913076,139.74122223398882,1
2023-01-31 15:00:00,54.72597482413043,35.75534087345118,89.38058204376071,1
2023-01-31 16:00:00,52.56029734313876,44.194763712804686,93.29724437657096,1
2023-01-31 17:00:00,59.82690983945514,43.9829561763121,106.84675668979243,1
2023-01-31 18:00:00,66.65474444462576,74.25461387960364,131.08320841429548,1
2023-01-31 19:00:00,60.1437006501813,85.65920058872888,117.07951953104447,1
2023-01-31 20:00:00,31.591257686683548,58.433261721937924,108.29731000723821,1
2023-01-31 21:00:00,37.204230332642986,57.46767415214984,109.26577060236212,1
2023-01-31 22:00:00,43.75181422304321,61.050782446697724,100.87029337286933,1
2023-01-31 23:00:00,50.26091050210834,77.42817453912286,111.16279029037013,1
2023-02-01 00:00:00,55.17659020469123,46.089702987141386,49.40879844611394,1
2023-02-01 01:00:00,42.742561868465344,63.57553474102178,94.06785081860403,1
2023-02-01 02:00:00,51.86766764477078,74.62796444673644,104.82643869833562,1
2023-02-01 03:00:00,42.44617067646678,67.51641254909768,76.97971832760986,1
2023-02-01 04:00:00,43.884821970080516,62.843724248981154,107.7264663562312,1
2023-02-01 05:00:00,35.93338903151778,75.01569138850712,95.91057558027757,1
2023-02-01 06:00:00,40.76766753889096,19.451515605011444,135.1095139663098,1
2023-02-01 07:00:00,36.48315394383666,70.16812979296361,131.46039450429714,1
2023-02-01 08:00:00,40.241267470226674,50.188864753088644,90.68388861763674,1
2023-02-01 09:00:00,60.536417966078396,32.54050654715314,96.9832457686661,1
2023-02-01 10:00:00,40.50601111168057,67.66803899287471,98.52104868783215,1
2023-02-01 11:00:00,76.32382064837391,80.60487817744436,90.96681047680755,1
2023-02-01 12:00:00,54.93317900880889,57.93827228058462,103.90049968056253,1
2023-02-01 13:00:00,51.84836123694874,74.29311820804408,84.8343586222482,0
2023-02-01 14:00:00,41.41642219818787,84.18417386982968,77.38769330124947,1
2023-02-01 15:00:00,57.003098794089915,79.72371680376071,112.45422447800537,1
2023-02-01 16:00:00,44.24362173762226,84.59946794057089,112.59059168443622,1
2023-02-01 17:00:00,51.220098146453616,71.13191236607838,83.91368480680015,1
2023-02-01 18:00:00,75.60084538268795,61.13150458352389,117.90710861525199,1
2023-02-01 19:00:00,49.0394010027535,35.97051282154247,87.36844541669338,1
2023-02-01 20:00:00,61.49273326285676,56.30906267805077,105.06330476075962,1
2023-02-01 21:00:00,42.96823574874112,47.35130107025712,116.40688025224912,1
2023-02-01 22:00:00,49.65011509503038,92.5641407624672,99.32774870592574,1
2023-02-01 23:00:00,67.7080063563551,57.36171281351495,109.09481824282268,1
2023-02-02 00:00:00,43.730329422122324,61.848072101767286,89.67140712224857,1
2023-02-02 01:00:00,68.12448557996929,68.27228064060701,96.07066833143806,1
2023-02-02 02:00:00,57.07751935455475,60.654036695586804,95.88281138239319,1
2023-02-02 03:00:00,44.37533224105732,85.4257656064613,85.06843306919522,1
2023-02-02 04:00:00,56.32407739055521,50.66025957398322,96.46451673768436,1
2023-02-02 05:00:00,59.7255444962673,62.91911182855864,69.02763402272507,1
2023-02-02 06:00:00,56.21809962217196,48.86294121452927,90.1769250571579,1
2023-02-02 07:00:00,34.297752801095434,40.19966233168941,94.30249013260658,1
2023-02-02 08:00:00,42.728628241751316,50.82346363642072,94.8764049500924,1
2023-02-02 09:00:00,47.52481364448495,59.44444804427382,95.17005108258442,1
2023-02-02 10:00:00,49.25566570899954,53.5604666322411,98.76471600279743,1
2023-02-02 11:00:00,56.206720975506784,49.61368530189216,109.58883036172128,1
2023-02-02 12:00:00,51.777010009332535,38.90523804492249,117.49034148265045,1
2023-02-02 13:00:00,36.64655641289899,58.75341641056958,87.00469546303466,1
2023-02-02 14:00:00,53.801978510059634,37.42919438953497,75.93598289221711,1
2023-02-02 15:00:00,56.10585745283823,71.40083945534404,79.15911175513794,1
2023-02-02 16:00:00,55.5979044793104,61.23659629401755,90.25594157610146,1
2023-02-02 17:00:00,60.807807255546216,38.13672750802604,92.96157364366982,1
2023-02-02 18:00:00,58.33922154548904,55.36186384425205,84.60007867605086,1
2023-02-02 19:00:00,54.59180079228437,48.71765391614125,74.07766671500211,1
2023-02-02 20:00:00,49.29834288541353,64.78761765628771,90.87758345051624,1
2023-02-02 21:00:00,33.39039066484008,80.10675669034717,103.62853240227943,1
2023-02-02 22:00:00,54.296182191325855,31.87241295531383,111.90058931671129,1
2023-02-02 23:00:00,52.076876871631114,61.72539118721126,88.85153893783358,1
2023-02-03 00:00:00,52.715788371953735,57.59800806650039,91.74004355713132,1
2023-02-03 01:00:00,37.232514241796906,70.07010114675698,81.46603382305378,1
2023-02-03 02:00:00,39.189434595917376,63.19794942356533,99.37121659250447,1
2023-02-03 03:00:00,60.53152853332904,48.72046002391771,83.03142731618371,1
2023-02-03 04:00:00,49.60444846143345,55.214190965000725,111.462556264824,1
2023-02-03 05:00:00,56.81500697372624,48.05961214794766,64.28267016131778,1
2023-02-03 06:00:00,50.28318376130461,76.14010707897897,92.80740655095076,1
2023-02-03 07:00:00,50.297561394957455,60.319674730079136,106.02214678383484,1
2023-02-03 08:00:00,59.382838059759976,88.5178602862951,103.67669032645009,1
2023-02-03 09:00:00,44.83955271782626,59.090087792780686,153.86067327960993,1
2023-02-03 10:00:00,50.96120776940983,49.37389849634306,106.99600049135815,1
2023-02-03 11:00:00,45.377247112949576,37.294284110807595,79.91890806315979,1
2023-02-03 12:00:00,45.65503772567684,32.95290485616083,98.09071505821854,1
2023-02-03 13:00:00,46.908278765313604,36.23796085491765,64.47507333067097,1
2023-02-03 14:00:00,52.22133771633713,64.00689976517225,98.38800501406479,1
2023-02-03 15:00:00,45.212513783365225,67.63087534844901,83.33887885998483,1
2023-02-03 16:00:00,62.55756125573521,36.282139469518,118.30780551120324,1
2023-02-03 17:00:00,41.05392697780496,73.42557471114173,89.00919450808931,1
2023-02-03 18:00:00,48.13128355838641,52.75408422474841,97.66468168409507,1
2023-02-03 19:00:00,45.60268941725825,62.20189517978324,87.28884317191194,1
2023-02-03 20:00:00,64.46977884353733,84.18330942383136,134.77702703706663,1
2023-02-03 21:00:00,51.965547765115744,73.45258973798298,93.57514467764176,1
2023-02-03 22:00:00,60.31844539468635,55.97204028141252,136.65114086958403,1
2023-02-03 23:00:00,35.14439626963028,46.63211661877069,116.28303524236533,1
2023-02-04 00:00:00,52.67050265869259,27.722768980060422,109.64133454670772,1
2023-02-04 01:00:00,58.89630795623437,49.212700211363696,107.3746629463504,1
2023-02-04 02:00:00,50.82283989275424,56.83304641758458,107.87594596432503,1
2023-02-04 03:00:00,60.654803750653514,45.19230709273224,61.4465484130878,1
2023-02-04 04:00:00,44.82711549899628,58.031145493615426,94.42233211698488,1
2023-02-04 05:00:00,64.0934744018558,61.15277824438152,116.90315942368643,1
2023-02-04 06:00:00,72.9889812361925,56.627160272878825,99.02205633051788,1
2023-02-04 07:00:00,46.37161439560341,50.249961287648105,71.8962030639285,1
2023-02-04 08:00:00,45.54497478599228,62.529820079500915,98.9519109884506,1
2023-02-04 09:00:00,64.533844771177,66.62910974354114,134.08211032510982,1
2023-02-04 10:00:00,65.79572145730712,43.64401383835731,124.93783431069438,1
2023-02-04 11:00:00,44.771399728467316,81.16398569619405,98.75991981267937,1
2023-02-04 12:00:00,45.798131829041424,58.521178015736076,119.02898554116173,1
2023-02-04 13:00:00,47.18215391139493,60.28274434417271,92.66985959263896,1
2023-02-04 14:00:00,36.555494889657226,70.62321634884836,65.92256826346562,1
2023-02-04 15:00:00,40.81348053515802,63.49824196895253,81.5106802374089,1
2023-02-04 16:00:00,39.95859233247932,74.29704950869868,131.25777537016396,1
2023-02-04 17:00:00,42.32202434895871,64.30686247802737,94.52013836341392,1
2023-02-04 18:00:00,49.65315112613219,50.81343938039343,95.13232041249964,1
2023-02-04 19:00:00,52.342147325365204,65.42255287809152,94.00323607450238,1
2023-02-04 20:00:00,65.50500492814076,42.844106890190076,138.08273179146013,1
2023-02-04 21:00:00,40.016459592612094,61.62839558664785,132.51917830724125,1
2023-02-04 22:00:00,59.843223984765835,59.50155014033309,144.3756046689627,1
2023-02-04 23:00:00,47.86011155774491,56.8782471409119,96.81909579199898,1
2023-02-05 00:00:00,49.50536290347567,58.07193732841604,105.9124897749419,1
2023-02-05 01:00:00,56.74819492166604,31.772264317535413,69.66714901158417,1
2023-02-05 02:00:00,38.772779784377015,51.76912638388558,129.53868852236548,1
2023-02-05 03:00:00,53.82409746184051,61.39267351711672,76.6444089746413,1
2023-02-05 04:00:00,51.66452208213056,62.397845879961004,104.33551127525259,1
2023-02-05 05:00:00,54.92451264008149,44.58487288611063,78.05394944734311,1
2023-02-05 06:00:00,52.89168643907818,78.98561761297051,88.22266346522608,1
2023-02-05 07:00:00,74.55300139910895,47.007377276782485,83.254751379006,1
2023-02-05 08:00:00,43.62260015748684,74.54185800790106,87.84249478648364,1
2023-02-05 09:00:00,44.690030449981826,66.40791542807527,89.21754593702043,1
2023-02-05 10:00:00,43.76859473575236,50.30659035234295,89.03462410149845,1
2023-02-05 11:00:00,44.44522880839745,86.62966338914268,116.66667823560614,1
2023-02-05 12:00:00,43.62612872693482,42.095447523652794,77.9027441387496,1
2023-02-05 13:00:00,61.89016531107552,73.78731260415002,104.41082854027734,1
2023-02-05 14:00:00,64.20504247989855,75.00873477064468,124.35918304611117,1
2023-02-05 15:00:00,44.29253706250524,49.94069686385033,89.73607270973208,1
2023-02-05 16:00:00,41.67644426895771,80.88697950096493,85.64162218504796,1
2023-02-05 17:00:00,54.71415556386404,56.24930228101571,95.38950749639498,1
2023-02-05 18:00:00,44.477769557190285,64.33040443919785,123.59450416721421,1
2023-02-05 19:00:00,56.32931817755511,63.90482758156831,103.88215261906716,1
2023-02-05 20:00:00,52.029230208513,57.98536887794178,89.37571410784803,1
2023-02-05 21:00:00,34.84255885002768,72.16212409739673,109.67753302376079,1
2023-02-05 22:00:00,65.47505201330061,71.9023308082832,77.95415700327153,1
2023-02-05 23:00:00,67.95877673095522,33.772020401427284,113.62719020885896,1
2023-02-06 00:00:00,43.87211309515614,79.56510364317229,108.17214615403535,1
2023-02-06 01:00:00,46.122984400640156,35.062620179464886,93.84383057722232,1
2023-02-06 02:00:00,52.85865390724905,75.48819306512486,83.22828403105538,1
2023-02-06 03:00:00,53.34456789987025,76.90057705241375,82.26638155433085,1
2023-02-06 04:00:00,56.5854427267283,43.63550354677203,110.69634672691821,1
2023-02-06 05:00:00,70.1020453876635,53.83778568068123,124.57961004978124,1
2023-02-06 06:00:00,48.2305277250595,43.41442997271096,87.25384505942411,1
2023-02-06 07:00:00,42.01702755461546,56.77618454566897,109.16773407102968,1
2023-02-06 08:00:00,36.20680771985473,55.379485737213884,58.25945962795863,1
2023-02-06 09:00:00,42.69069960058081,71.6949079840401,88.30764538685601,1
2023-02-06 10:00:00,49.66873027126203,79.65463119179412,99.37882134258196,1
2023-02-06 11:00:00,67.94557863517788,80.93525716184934,81.80633166036333,1
2023-02-06 12:00:00,44.823887009638284,51.567479601325466,81.26987250420808,1
2023-02-06 13:00:00,52.237879516388986,56.86167189383208,86.64440887062227,1
2023-02-06 14:00:00,49.83577103927248,34.74842711668575,105.84385456652747,1
2023-02-06 15:00:00,61.88393273448084,47.911949002557165,96.2534196318725,1
2023-02-06 16:00:00,75.26932425873622,74.47277449646187,55.235375333500556,1
2023-02-06 17:00:00,44.69131227079679,84.23374235322348,57.585996947298675,1
2023-02-06 18:00:00,45.10560557481778,41.48476692180117,87.86269644285649,1
2023-02-06 19:00:00,60.44160877069072,51.11303611270659,109.15373172107104,1
2023-02-06 20:00:00,56.81891489626312,59.603913645616096,45.04990314549531,1
2023-02-06 21:00:00,68.46707325736034,64.2024173822941,90.00539647696739,1
2023-02-06 22:00:00,55.839281853259635,47.85594720117531,89.47504286965157,1
2023-02-06 23:00:00,46.40707909212941,66.36091566696135,127.76675556416896,1
2023-02-07 00:00:00,55.90654830692309,52.89240979393626,92.29956376574273,1
2023-02-07 01:00:00,61.087035805829075,59.78321593682581,107.65977969481857,1
2023-02-07 02:00:00,58.204821811973645,68.19426372005549,102.82514280174927,1
2023-02-07 03:00:00,55.07274031107298,60.09633404716407,57.38867040385599,1
2023-02-07 04:00:00,60.666746895891535,53.45421164210147,115.36414433263475,1
2023-02-07 05:00:00,61.692955904456724,58.35585294111254,104.30793010912576,1
2023-02-07 06:00:00,63.82158991037527,58.67455561191997,110.1653727934918,1
2023-02-07 07:00:00,56.48709887589643,54.449834551768085,178.52475412872653,1
2023-02-07 08:00:00,48.328819196831454,56.11805905999346,58.31774121002823,1
2023-02-07 09:00:00,51.46713686433323,83.97970755757075,134.49393299522217,0
2023-02-07 10:00:00,62.06508966508357,68.41379171911858,94.25104961199288,1
2023-02-07 11:00:00,41.83064329012764,55.56779522956259,105.74657808806019,1
2023-02-07 12:00:00,53.686733088729014,70.45431606766104,99.08975509397516,1
2023-02-07 13:00:00,46.06661187672639,54.99270765365985,91.51527333203913,1
2023-02-07 14:00:00,50.28744822934817,77.59686956379961,88.60334143522482,1
2023-02-07 15:00:00,62.78451862607299,65.54463288297141,106.59017471146018,1
2023-02-07 16:00:00,51.910990680199035,58.39046783993657,69.65652606656641,1
2023-02-07 17:00:00,50.46436548156149,66.71575388715416,115.01158335043532,1
2023-02-07 18:00:00,36.40143859020081,36.43685771897251,91.67611190229492,1
2023-02-07 19:00:00,57.46253566027221,43.09848796635292,77.39861321919284,1
2023-02-07 20:00:00,56.45484181141075,42.091124904014166,90.99974284008373,1
2023-02-07 21:00:00,71.6325472330546,62.1441464214556,125.14298433725145,1
2023-02-07 22:00:00,46.92221765046999,85.98772499227638,89.29329825967554,1
2023-02-07 23:00:00,52.19150327663939,93.46950219288948,107.1690723641924,1
2023-02-08 00:00:00,52.49383683710755,69.57076652161136,85.38087448569053,1
2023-02-08 01:00:00,65.77453279763475,67.51266712416685,115.1584369984724,1
2023-02-08 02:00:00,49.047044676130476,32.984133987708915,113.71015477580409,1
2023-02-08 03:00:00,52.790215257703395,51.859893003989676,136.97217666592823,0
2023-02-08 04:00:00,56.078965097165394,48.183243721376414,96.48872109001569,1
2023-02-08 05:00:00,51.86609123156358,50.68728602623326,113.37309609515813,1
2023-02-08 06:00:00,45.535663854494715,57.47784272122816,101.9613507907789,1
2023-02-08 07:00:00,51.94089992898308,52.91864133454309,125.91743563726028,1
2023-02-08 08:00:00,60.73631749859772,30.310502844363185,85.6233522478254,1
2023-02-08 09:00:00,39.7348470058894,71.218653841763,114.90010625754562,1
2023-02-08 10:00:00,51.32969674146876,43.9088546139029,96.10605407766637,1
2023-02-08 11:00:00,42.99879185060827,63.588702961667245,98.71623645783005,1
2023-02-08 12:00:00,61.950466289248425,91.1112400462496,101.83504968896746,1
2023-02-08 13:00:00,34.76813095216225,46.20923112620365,105.04480792853354,1
2023-02-08 14:00:00,44.410781527284115,22.045687158805052,97.67541913756084,1
2023-02-08 15:00:00,53.772118750645205,55.70993667179834,104.29426366341053,1
2023-02-08 16:00:00,65.65524029234341,76.51439452497857,131.5623611512437,1
2023-02-08 17:00:00,49.34249738927012,89.37521181330891,119.70899371230436,1
2023-02-08 18:00:00,44.44800473306802,41.55675608321375,117.38309184993793,1
2023-02-08 19:00:00,68.8115706944059,67.45048834854782,90.88920947952259,1
2023-02-08 20:00:00,35.51986099583756,53.0203431482992,82.21518343543352,1
2023-02-08 21:00:00,28.011940433799182,58.410774685437964,119.10601116475506,1
2023-02-08 22:00:00,54.40014450053332,99.66515020525551,117.52093585059589,1
2023-02-08 23:00:00,44.97945775647389,37.4554450740727,129.45341351501963,1
2023-02-09 00:00:00,39.787671828692865,63.8060949224186,87.9203874806154,1
2023-02-09 01:00:00,57.08356447299353,67.01539757648149,95.40902689279307,1
2023-02-09 02:00:00,52.43800713771199,76.2867948740902,67.21031674949131,1
2023-02-09 03:00:00,44.359213692632714,61.46974730206343,92.15057787878254,1
2023-02-09 04:00:00,37.19695601329106,64.62075809256153,119.93141021158894,1
2023-02-09 05:00:00,58.724573282801444,54.125271488673135,90.67009241543605,0
2023-02-09 06:00:00,56.50201177958661,64.0369041186766,112.80959590401648,1
2023-02-09 07:00:00,49.00824136220617,54.85211586753884,96.18993788004377,1
2023-02-09 08:00:00,68.46636996047665,69.32357834784077,106.48114056443121,1
2023-02-09 09:00:00,39.29915233673847,54.45584495934549,77.04617220368665,1
2023-02-09 10:00:00,34.74474829075261,65.6565059085328,101.70418899267803,1
2023-02-09 11:00:00,43.080919301187556,59.56105779472532,40.177280581985535,1
2023-02-09 12:00:00,49.54413983644502,76.89075376158252,96.2620768367603,1
2023-02-09 13:00:00,52.43339449322692,59.229094146172706,67.3905351256972,1
2023-02-09 14:00:00,47.5876394214367,33.40451297689678,124.11989033093633,1
2023-02-09 15:00:00,53.520553965142966,78.92882251070988,115.54814705529023,1
2023-02-09 16:00:00,37.48460575809556,46.414015487060716,109.33341963932162,1
2023-02-09 17:00:00,64.4376460407326,50.1935049202677,130.4201245431876,1
2023-02-09 18:00:00,49.178488216074314,51.065080589347616,81.02166958350325,1
2023-02-09 19:00:00,61.172958315881274,80.61657139756227,134.94726395831117,1
2023-02-09 20:00:00,53.42725346377704,27.964886790319568,118.6438312852077,1
2023-02-09 21:00:00,54.567532191537836,100.0,95.26889425562108,0
2023-02-09 22:00:00,55.69767280232204,75.84085213599077,122.71240294365889,1
2023-02-09 23:00:00,54.47708560017315,63.348583711937394,77.87412975176731,0
2023-02-10 00:00:00,56.42722759867544,59.1765899907557,83.50971676944653,1
2023-02-10 01:00:00,63.29152530132431,64.28331112286486,87.828205535206,1
2023-02-10 02:00:00,51.9652116970147,67.81683642569007,89.4204458387197,1
2023-02-10 03:00:00,57.09003757588512,69.67823378925085,78.86884714479494,0
2023-02-10 04:00:00,49.102643057127736,68.33406699005172,124.4616613419065,1
2023-02-10 05:00:00,64.40117215449473,61.34371021882873,94.82291199260337,1
2023-02-10 06:00:00,43.2360769794073,57.03992369539011,107.05009936713759,1
2023-02-10 07:00:00,68.00940432910815,57.730900745197324,88.59297267172639,1
2023-02-10 08:00:00,49.59842049355657,57.07637579470978,63.58793398902966,1
2023-02-10 09:00:00,35.69224897881952,77.00655145300597,105.40114716782844,1
2023-02-10 10:00:00,51.28104414910789,68.90335083421293,61.75490049160446,1
2023-02-10 11:00:00,43.18948342525119,15.894170480035797,98.62731907829063,1
2023-02-10 12:00:00,58.406435489887244,69.83851164794642,72.6336992233438,1
2023-02-10 13:00:00,43.47376020697609,62.92104292078162,139.74551998461615,1
2023-02-10 14:00:00,45.538165667852205,59.71936865331154,118.22725444349443,1
2023-02-10 15:00:00,31.104592690544692,54.17222320366671,102.11507582542961,1
2023-02-10 16:00:00,45.47693680750923,76.86169079979021,125.27413355309338,1
2023-02-10 17:00:00,25.761206733710434,74.21289693184286,83.07368045068529,1
2023-02-10 18:00:00,34.16097176514277,48.40683498264586,110.86958757340186,1
2023-02-10 19:00:00,57.604146561442974,66.10578430686803,103.99620867437427,1
2023-02-10 20:00:00,57.85800158650832,45.42514898188071,105.2804016266734,1
2023-02-10 21:00:00,54.254575617849646,39.305727528166045,125.44707000213535,1
2023-02-10 22:00:00,40.33023856870787,50.59924163115052,114.64984205559604,1
2023-02-10 23:00:00,49.5228864385802,72.93590208574138,105.77447325650047,1
2023-02-11 00:00:00,49.963974609094315,74.2968756806413,66.90225127543408,1
2023-02-11 01:00:00,38.416353108074574,67.6962813014594,80.79907409441073,1
2023-02-11 02:00:00,65.0339830176715,70.87643680271995,97.54582132808552,1
2023-02-11 03:00:00,58.77362290575671,67.74267430672438,101.86744748553302,1
2023-02-11 04:00:00,47.79035826170336,50.37777607165572,77.39592550652152,1
2023-02-11 05:00:00,50.26885838994531,66.47883817010911,148.23353351156842,1
2023-02-11 06:00:00,52.08382807947552,72.00614287841523,130.32788110507147,1
2023-02-11 07:00:00,29.582651315757094,71.31436994720362,112.04236640784967,1
2023-02-11 08:00:00,47.52822617479403,77.83370057211964,101.4407372256749,1
2023-02-11 09:00:00,43.180157520022014,70.62455770801596,95.75582060197696,1
2023-02-11 10:00:00,39.983799901050844,65.27172311312374,80.96163079955528,1
2023-02-11 11:00:00,47.18899707114045,76.05225357474642,101.54961037037725,1
2023-02-11 12:00:00,67.97686526849523,59.6021811112641,105.15505080285502,1
2023-02-11 13:00:00,56.4084286126701,46.771880231584234,75.16478849036751,1
2023-02-11 14:00:00,44.28821010217203,57.553995540843545,106.68352834489795,1
2023-02-11 15:00:00,55.72582781356159,48.82646032790326,96.89481902350502,1
